,atm_CJPL_high_alpha0.001_N_alpha,atm_CJPL_high_alpha0.001_G,atm_CJPL_high_alpha0.001_mean,atm_CJPL_high_alpha0.005_N_alpha,atm_CJPL_high_alpha0.005_G,atm_CJPL_high_alpha0.005_mean,atm_CJPL_high_alpha0.01_N_alpha,atm_CJPL_high_alpha0.01_G,atm_CJPL_high_alpha0.01_mean,atm_CJPL_high_alpha0.05_N_alpha,atm_CJPL_high_alpha0.05_G,atm_CJPL_high_alpha0.05_mean,atm_CJPL_high_alpha0.1_N_alpha,atm_CJPL_high_alpha0.1_G,atm_CJPL_high_alpha0.1_mean,atm_Kamioka_high_alpha0.001_N_alpha,atm_Kamioka_high_alpha0.001_G,atm_Kamioka_high_alpha0.001_mean,atm_Kamioka_high_alpha0.005_N_alpha,atm_Kamioka_high_alpha0.005_G,atm_Kamioka_high_alpha0.005_mean,atm_Kamioka_high_alpha0.01_N_alpha,atm_Kamioka_high_alpha0.01_G,atm_Kamioka_high_alpha0.01_mean,atm_Kamioka_high_alpha0.05_N_alpha,atm_Kamioka_high_alpha0.05_G,atm_Kamioka_high_alpha0.05_mean,atm_Kamioka_high_alpha0.1_N_alpha,atm_Kamioka_high_alpha0.1_G,atm_Kamioka_high_alpha0.1_mean,atm_LNGS_high_alpha0.001_N_alpha,atm_LNGS_high_alpha0.001_G,atm_LNGS_high_alpha0.001_mean,atm_LNGS_high_alpha0.005_N_alpha,atm_LNGS_high_alpha0.005_G,atm_LNGS_high_alpha0.005_mean,atm_LNGS_high_alpha0.01_N_alpha,atm_LNGS_high_alpha0.01_G,atm_LNGS_high_alpha0.01_mean,atm_LNGS_high_alpha0.05_N_alpha,atm_LNGS_high_alpha0.05_G,atm_LNGS_high_alpha0.05_mean,atm_LNGS_high_alpha0.1_N_alpha,atm_LNGS_high_alpha0.1_G,atm_LNGS_high_alpha0.1_mean,atm_SURF_high_alpha0.001_N_alpha,atm_SURF_high_alpha0.001_G,atm_SURF_high_alpha0.001_mean,atm_SURF_high_alpha0.005_N_alpha,atm_SURF_high_alpha0.005_G,atm_SURF_high_alpha0.005_mean,atm_SURF_high_alpha0.01_N_alpha,atm_SURF_high_alpha0.01_G,atm_SURF_high_alpha0.01_mean,atm_SURF_high_alpha0.05_N_alpha,atm_SURF_high_alpha0.05_G,atm_SURF_high_alpha0.05_mean,atm_SURF_high_alpha0.1_N_alpha,atm_SURF_high_alpha0.1_G,atm_SURF_high_alpha0.1_mean,atm_SNOlab_high_alpha0.001_N_alpha,atm_SNOlab_high_alpha0.001_G,atm_SNOlab_high_alpha0.001_mean,atm_SNOlab_high_alpha0.005_N_alpha,atm_SNOlab_high_alpha0.005_G,atm_SNOlab_high_alpha0.005_mean,atm_SNOlab_high_alpha0.01_N_alpha,atm_SNOlab_high_alpha0.01_G,atm_SNOlab_high_alpha0.01_mean,atm_SNOlab_high_alpha0.05_N_alpha,atm_SNOlab_high_alpha0.05_G,atm_SNOlab_high_alpha0.05_mean,atm_SNOlab_high_alpha0.1_N_alpha,atm_SNOlab_high_alpha0.1_G,atm_SNOlab_high_alpha0.1_mean,hep_CJPL_high_alpha0.001_N_alpha,hep_CJPL_high_alpha0.001_G,hep_CJPL_high_alpha0.001_mean,hep_CJPL_high_alpha0.005_N_alpha,hep_CJPL_high_alpha0.005_G,hep_CJPL_high_alpha0.005_mean,hep_CJPL_high_alpha0.01_N_alpha,hep_CJPL_high_alpha0.01_G,hep_CJPL_high_alpha0.01_mean,hep_CJPL_high_alpha0.05_N_alpha,hep_CJPL_high_alpha0.05_G,hep_CJPL_high_alpha0.05_mean,hep_CJPL_high_alpha0.1_N_alpha,hep_CJPL_high_alpha0.1_G,hep_CJPL_high_alpha0.1_mean,hep_Kamioka_high_alpha0.001_N_alpha,hep_Kamioka_high_alpha0.001_G,hep_Kamioka_high_alpha0.001_mean,hep_Kamioka_high_alpha0.005_N_alpha,hep_Kamioka_high_alpha0.005_G,hep_Kamioka_high_alpha0.005_mean,hep_Kamioka_high_alpha0.01_N_alpha,hep_Kamioka_high_alpha0.01_G,hep_Kamioka_high_alpha0.01_mean,hep_Kamioka_high_alpha0.05_N_alpha,hep_Kamioka_high_alpha0.05_G,hep_Kamioka_high_alpha0.05_mean,hep_Kamioka_high_alpha0.1_N_alpha,hep_Kamioka_high_alpha0.1_G,hep_Kamioka_high_alpha0.1_mean,hep_LNGS_high_alpha0.001_N_alpha,hep_LNGS_high_alpha0.001_G,hep_LNGS_high_alpha0.001_mean,hep_LNGS_high_alpha0.005_N_alpha,hep_LNGS_high_alpha0.005_G,hep_LNGS_high_alpha0.005_mean,hep_LNGS_high_alpha0.01_N_alpha,hep_LNGS_high_alpha0.01_G,hep_LNGS_high_alpha0.01_mean,hep_LNGS_high_alpha0.05_N_alpha,hep_LNGS_high_alpha0.05_G,hep_LNGS_high_alpha0.05_mean,hep_LNGS_high_alpha0.1_N_alpha,hep_LNGS_high_alpha0.1_G,hep_LNGS_high_alpha0.1_mean,hep_SURF_high_alpha0.001_N_alpha,hep_SURF_high_alpha0.001_G,hep_SURF_high_alpha0.001_mean,hep_SURF_high_alpha0.005_N_alpha,hep_SURF_high_alpha0.005_G,hep_SURF_high_alpha0.005_mean,hep_SURF_high_alpha0.01_N_alpha,hep_SURF_high_alpha0.01_G,hep_SURF_high_alpha0.01_mean,hep_SURF_high_alpha0.05_N_alpha,hep_SURF_high_alpha0.05_G,hep_SURF_high_alpha0.05_mean,hep_SURF_high_alpha0.1_N_alpha,hep_SURF_high_alpha0.1_G,hep_SURF_high_alpha0.1_mean,hep_SNOlab_high_alpha0.001_N_alpha,hep_SNOlab_high_alpha0.001_G,hep_SNOlab_high_alpha0.001_mean,hep_SNOlab_high_alpha0.005_N_alpha,hep_SNOlab_high_alpha0.005_G,hep_SNOlab_high_alpha0.005_mean,hep_SNOlab_high_alpha0.01_N_alpha,hep_SNOlab_high_alpha0.01_G,hep_SNOlab_high_alpha0.01_mean,hep_SNOlab_high_alpha0.05_N_alpha,hep_SNOlab_high_alpha0.05_G,hep_SNOlab_high_alpha0.05_mean,hep_SNOlab_high_alpha0.1_N_alpha,hep_SNOlab_high_alpha0.1_G,hep_SNOlab_high_alpha0.1_mean,dsnb_CJPL_high_alpha0.001_N_alpha,dsnb_CJPL_high_alpha0.001_G,dsnb_CJPL_high_alpha0.001_mean,dsnb_CJPL_high_alpha0.005_N_alpha,dsnb_CJPL_high_alpha0.005_G,dsnb_CJPL_high_alpha0.005_mean,dsnb_CJPL_high_alpha0.01_N_alpha,dsnb_CJPL_high_alpha0.01_G,dsnb_CJPL_high_alpha0.01_mean,dsnb_CJPL_high_alpha0.05_N_alpha,dsnb_CJPL_high_alpha0.05_G,dsnb_CJPL_high_alpha0.05_mean,dsnb_CJPL_high_alpha0.1_N_alpha,dsnb_CJPL_high_alpha0.1_G,dsnb_CJPL_high_alpha0.1_mean,dsnb_Kamioka_high_alpha0.001_N_alpha,dsnb_Kamioka_high_alpha0.001_G,dsnb_Kamioka_high_alpha0.001_mean,dsnb_Kamioka_high_alpha0.005_N_alpha,dsnb_Kamioka_high_alpha0.005_G,dsnb_Kamioka_high_alpha0.005_mean,dsnb_Kamioka_high_alpha0.01_N_alpha,dsnb_Kamioka_high_alpha0.01_G,dsnb_Kamioka_high_alpha0.01_mean,dsnb_Kamioka_high_alpha0.05_N_alpha,dsnb_Kamioka_high_alpha0.05_G,dsnb_Kamioka_high_alpha0.05_mean,dsnb_Kamioka_high_alpha0.1_N_alpha,dsnb_Kamioka_high_alpha0.1_G,dsnb_Kamioka_high_alpha0.1_mean,dsnb_LNGS_high_alpha0.001_N_alpha,dsnb_LNGS_high_alpha0.001_G,dsnb_LNGS_high_alpha0.001_mean,dsnb_LNGS_high_alpha0.005_N_alpha,dsnb_LNGS_high_alpha0.005_G,dsnb_LNGS_high_alpha0.005_mean,dsnb_LNGS_high_alpha0.01_N_alpha,dsnb_LNGS_high_alpha0.01_G,dsnb_LNGS_high_alpha0.01_mean,dsnb_LNGS_high_alpha0.05_N_alpha,dsnb_LNGS_high_alpha0.05_G,dsnb_LNGS_high_alpha0.05_mean,dsnb_LNGS_high_alpha0.1_N_alpha,dsnb_LNGS_high_alpha0.1_G,dsnb_LNGS_high_alpha0.1_mean,dsnb_SURF_high_alpha0.001_N_alpha,dsnb_SURF_high_alpha0.001_G,dsnb_SURF_high_alpha0.001_mean,dsnb_SURF_high_alpha0.005_N_alpha,dsnb_SURF_high_alpha0.005_G,dsnb_SURF_high_alpha0.005_mean,dsnb_SURF_high_alpha0.01_N_alpha,dsnb_SURF_high_alpha0.01_G,dsnb_SURF_high_alpha0.01_mean,dsnb_SURF_high_alpha0.05_N_alpha,dsnb_SURF_high_alpha0.05_G,dsnb_SURF_high_alpha0.05_mean,dsnb_SURF_high_alpha0.1_N_alpha,dsnb_SURF_high_alpha0.1_G,dsnb_SURF_high_alpha0.1_mean,dsnb_SNOlab_high_alpha0.001_N_alpha,dsnb_SNOlab_high_alpha0.001_G,dsnb_SNOlab_high_alpha0.001_mean,dsnb_SNOlab_high_alpha0.005_N_alpha,dsnb_SNOlab_high_alpha0.005_G,dsnb_SNOlab_high_alpha0.005_mean,dsnb_SNOlab_high_alpha0.01_N_alpha,dsnb_SNOlab_high_alpha0.01_G,dsnb_SNOlab_high_alpha0.01_mean,dsnb_SNOlab_high_alpha0.05_N_alpha,dsnb_SNOlab_high_alpha0.05_G,dsnb_SNOlab_high_alpha0.05_mean,dsnb_SNOlab_high_alpha0.1_N_alpha,dsnb_SNOlab_high_alpha0.1_G,dsnb_SNOlab_high_alpha0.1_mean,atm_exposures,hep_exposures,dsnb_exposures
0,3.0,5.0582354699178715,0.28755656936856,2.0,3.193409308827999,0.28755656936856,2.0,3.193409308827999,0.28755656936856,1.0,1.328583147738127,0.28755656936856,1.0,1.328583147738127,0.28755656936856,3.0,4.492484325026929,0.34837759643836996,3.0,4.492484325026929,0.34837759643836996,2.0,2.7982444819057237,0.34837759643836996,1.0,1.1040046387845186,0.34837759643836996,1.0,1.1040046387845186,0.34837759643836996,4.0,5.013393840090237,0.49013629043204,3.0,3.585021044182629,0.49013629043204,3.0,3.585021044182629,0.49013629043204,2.0,2.15664824827502,0.49013629043204,1.0,0.7282754523674119,0.49013629043204,4.0,4.33307154654826,0.61152772645332,3.0,3.0543030642514055,0.61152772645332,3.0,3.0543030642514055,0.61152772645332,2.0,1.7755345819545512,0.61152772645332,2.0,1.7755345819545512,0.61152772645332,4.0,4.3338476523862575,0.61136679082529,3.0,3.0549108702487326,0.61136679082529,3.0,3.0549108702487326,0.61136679082529,2.0,1.775974088111208,0.61136679082529,2.0,1.775974088111208,0.61136679082529,242.0,3.1705775747239113,197.44822601840667,235.0,2.672414627671861,197.44822601840667,231.0,2.387750086499261,197.44822601840667,221.0,1.676088733567761,197.44822601840667,216.0,1.320258057102011,197.44822601840667,242.0,3.1696676933248793,197.45971549373382,235.0,2.671519239644646,197.45971549373382,231.0,2.3868629803987984,197.45971549373382,221.0,1.675222332284179,197.45971549373382,216.0,1.3194020082268694,197.45971549373382,242.0,3.168369611508414,197.476108163577,235.0,2.67024183413349,197.476108163577,231.0,2.385597389919248,197.476108163577,221.0,1.6739862793836426,197.476108163577,216.0,1.3181807241158399,197.476108163577,242.0,3.1660793896701604,197.50503344093812,235.0,2.6679880898762183,197.50503344093812,231.0,2.3833644899939657,197.50503344093812,221.0,1.671805490288334,197.50503344093812,216.0,1.316025990435518,197.50503344093812,242.0,3.1660794911770367,197.50503215881758,235.0,2.6679881897663935,197.50503215881758,231.0,2.383364588960312,197.50503215881758,221.0,1.6718055869451076,197.50503215881758,216.0,1.3160260859375055,197.50503215881758,3.0,4.68605914999872,0.32569213478578,2.0,2.9338079559787107,0.32569213478578,2.0,2.9338079559787107,0.32569213478578,1.0,1.1815567619587009,0.32569213478578,1.0,1.1815567619587009,0.32569213478578,3.0,4.241977514276363,0.38114225059802,3.0,4.241977514276363,0.38114225059802,2.0,2.622195945290791,0.38114225059802,2.0,2.622195945290791,0.38114225059802,1.0,1.0024143763052191,0.38114225059802,4.0,5.191646322368625,0.46391227484299,3.0,3.723456976998777,0.46391227484299,3.0,3.723456976998777,0.46391227484299,2.0,2.255267631628929,0.46391227484299,1.0,0.7870782862590814,0.46391227484299,4.0,4.354703455340855,0.60706367510335,3.0,3.0712418638612378,0.60706367510335,3.0,3.0712418638612378,0.60706367510335,2.0,1.787780272381622,0.60706367510335,2.0,1.787780272381622,0.60706367510335,4.0,4.337120603256269,0.6106887386914099,3.0,3.057474011700161,0.6106887386914099,3.0,3.057474011700161,0.6106887386914099,2.0,1.7778274201440536,0.6106887386914099,2.0,1.7778274201440536,0.6106887386914099,100,10,100
1,4.0,5.260257128836733,0.4543393796023248,3.0,3.7766810926602212,0.4543393796023248,3.0,3.7766810926602212,0.4543393796023248,2.0,2.29310505648371,0.4543393796023248,1.0,0.809529020307199,0.4543393796023248,4.0,4.649545245767821,0.5504366023726246,3.0,3.301680397432,0.5504366023726246,3.0,3.301680397432,0.5504366023726246,2.0,1.9538155490961793,0.5504366023726246,2.0,1.9538155490961793,0.5504366023726246,5.0,4.801753196282695,0.7744153388826233,4.0,3.6654008139799434,0.7744153388826233,3.0,2.5290484316771926,0.7744153388826233,2.0,1.3926960493744411,0.7744153388826233,2.0,1.3926960493744411,0.7744153388826233,5.0,4.103706151360882,0.9662138077962455,4.0,3.086372570495276,0.9662138077962455,4.0,3.086372570495276,0.9662138077962455,3.0,2.06903898962967,0.9662138077962455,2.0,1.0517054087640647,0.9662138077962455,5.0,4.104504963615459,0.9659595295039581,4.0,3.0870374905856823,0.9659595295039581,4.0,3.0870374905856823,0.9659595295039581,3.0,2.0695700175559053,0.9659595295039581,2.0,1.052102544526129,0.9659595295039581,351.0,3.185865750255929,296.17233902761,341.0,2.6047966888089595,296.17233902761,337.0,2.372369064230172,296.17233902761,325.0,1.6750861904938086,296.17233902761,318.0,1.26833784748093,296.17233902761,351.0,3.184771664173521,296.18957324060074,341.0,2.6037195081387434,296.18957324060074,337.0,2.371298645724832,296.18957324060074,325.0,1.674036058483099,296.18957324060074,318.0,1.2672995492587549,296.18957324060074,351.0,3.183210785924887,296.2141622453655,341.0,2.602182747222383,296.2141622453655,337.0,2.369771531741381,296.2141622453655,325.0,1.6725378852983765,296.2141622453655,318.0,1.2658182582066237,296.2141622453655,351.0,3.1804569064515418,296.25755016140715,342.0,2.657569965102341,296.25755016140715,337.0,2.36707721990834,296.25755016140715,325.0,1.669894631442739,296.25755016140715,318.0,1.2632047881711381,296.25755016140715,351.0,3.1804570285086564,296.2575482382264,342.0,2.657570085462273,296.2575482382264,337.0,2.3670773393253937,296.2575482382264,325.0,1.6698947485968825,296.2575482382264,318.0,1.263204904005251,296.2575482382264,4.0,4.858713026738406,0.5145935729615324,3.0,3.4646968256301665,0.5145935729615324,3.0,3.4646968256301665,0.5145935729615324,2.0,2.0706806245219274,0.5145935729615324,1.0,0.6766644234136883,0.5145935729615324,4.0,4.378497575826456,0.6022047559448717,3.0,3.089868549846391,0.6022047559448717,3.0,3.089868549846391,0.6022047559448717,2.0,1.8012395238663268,0.6022047559448717,2.0,1.8012395238663268,0.6022047559448717,4.0,3.8159715872677347,0.7329813942519242,4.0,3.8159715872677347,0.7329813942519242,3.0,2.6479428590095555,0.7329813942519242,2.0,1.4799141307513763,0.7329813942519242,2.0,1.4799141307513763,0.7329813942519242,5.0,4.125968637987161,0.9591606066632931,4.0,3.104901419925777,0.9591606066632931,4.0,3.104901419925777,0.9591606066632931,3.0,2.0838342018643936,0.9591606066632931,2.0,1.0627669838030096,0.9591606066632931,5.0,4.107873602915573,0.9648882071324277,4.0,3.0898414358324664,0.9648882071324277,4.0,3.0898414358324664,0.9648882071324277,3.0,2.07180926874936,0.9648882071324277,2.0,1.053777101666254,0.9648882071324277,158,15,158
2,4.0,3.858702634814074,0.7217669891150856,4.0,3.858702634814074,0.7217669891150856,3.0,2.6816347991837843,0.7217669891150856,2.0,1.5045669635534946,0.7217669891150856,2.0,1.5045669635534946,0.7217669891150856,5.0,4.411865107120626,0.8744277670603087,4.0,3.3424704006372212,0.8744277670603087,4.0,3.3424704006372212,0.8744277670603087,3.0,2.2730756941538166,0.8744277670603087,2.0,1.2036809876704115,0.8744277670603087,6.0,4.300322698470067,1.2302420889844203,5.0,3.398741784156024,1.2302420889844203,4.0,2.4971608698419807,1.2302420889844203,3.0,1.5955799555279375,1.2302420889844203,3.0,1.5955799555279375,1.2302420889844203,7.0,4.411135789086759,1.5349345933978331,5.0,2.796832771319466,1.5349345933978331,5.0,2.796832771319466,1.5349345933978331,4.0,1.989681262435819,1.5349345933978331,3.0,1.1825297535521724,1.5349345933978331,7.0,4.412042433027142,1.5345306449714777,5.0,2.7975269554249014,1.5345306449714777,5.0,2.7975269554249014,1.5345306449714777,4.0,1.990269216623781,1.5345306449714777,3.0,1.1830114778226608,1.5345306449714777,564.0,3.1677372628461327,493.6205650460167,552.0,2.6276242713308156,493.6205650460167,546.0,2.357567775573157,493.6205650460167,530.0,1.6374171202194014,493.6205650460167,522.0,1.2773417925425234,493.6205650460167,564.0,3.166352303026854,493.64928873433456,552.0,2.6262550253627084,493.64928873433456,546.0,2.3562063865306357,493.64928873433456,530.0,1.6360766829784414,493.64928873433456,522.0,1.2760118312023443,493.64928873433456,564.0,3.164376448403743,493.69027040894247,552.0,2.6243015881858973,493.69027040894247,546.0,2.3542641580769748,493.69027040894247,531.0,1.6791705828046677,493.69027040894247,522.0,1.2741144376412836,493.69027040894247,564.0,3.160890416634824,493.7625836023453,552.0,2.6208551057562137,493.7625836023453,546.0,2.3508374503169085,493.7625836023453,531.0,1.6757933117186452,493.7625836023453,522.0,1.2707668285596871,493.7625836023453,564.0,3.160890571142412,493.7625803970439,552.0,2.6208552585109586,493.7625803970439,546.0,2.350837602195232,493.7625803970439,531.0,1.675793461405916,493.7625803970439,522.0,1.2707669769323262,493.7625803970439,5.0,4.625905712629958,0.8174872583123078,4.0,3.519894566143086,0.8174872583123078,3.0,2.4138834196562127,0.8174872583123078,2.0,1.30787227316934,0.8174872583123078,2.0,1.30787227316934,0.8174872583123078,5.0,4.133891724066491,0.9566670490010302,4.0,3.11149466348182,0.9566670490010302,4.0,3.11149466348182,0.9566670490010302,3.0,2.089097602897149,0.9566670490010302,2.0,1.0667005423124776,0.9566670490010302,6.0,4.481194529030833,1.164419809855905,5.0,3.5544816315455576,1.164419809855905,4.0,2.6277687340602824,1.164419809855905,3.0,1.7010558365750068,1.164419809855905,3.0,1.7010558365750068,1.164419809855905,7.0,4.436401894562032,1.5237298245094084,5.0,2.816174348296166,1.5237298245094084,5.0,2.816174348296166,1.5237298245094084,4.0,2.0060605751632328,1.5237298245094084,3.0,1.1959468020303001,1.5237298245094084,7.0,4.415865758080643,1.532828734115439,5.0,2.800454225013852,1.532828734115439,5.0,2.800454225013852,1.532828734115439,4.0,1.992748458480457,1.532828734115439,3.0,1.1850426919470616,1.532828734115439,251,25,251
3,6.0,4.538715895495471,1.1444751460868687,5.0,3.6039630042940884,1.1444751460868687,4.0,2.6692101130927055,1.1444751460868687,3.0,1.7344572218913228,1.1444751460868687,3.0,1.7344572218913228,1.1444751460868687,6.0,3.9179586436685834,1.3865428338247126,5.0,3.0687129473187666,1.3865428338247126,5.0,3.0687129473187666,1.3865428338247126,4.0,2.21946725096895,1.3865428338247126,3.0,1.3702215546191336,1.3865428338247126,7.0,3.6151602984857965,1.9507424359195191,6.0,2.8991817110191156,1.9507424359195191,6.0,2.8991817110191156,1.9507424359195191,4.0,1.467224536085754,1.9507424359195191,4.0,1.467224536085754,1.9507424359195191,8.0,3.567819914921034,2.4338803512842135,7.0,2.9268311938567644,2.4338803512842135,7.0,2.9268311938567644,2.4338803512842135,5.0,1.644853751728225,2.4338803512842135,5.0,1.644853751728225,2.4338803512842135,8.0,3.568700101393257,2.433239827484654,7.0,2.9276270192416445,2.433239827484654,7.0,2.9276270192416445,2.433239827484654,5.0,1.6454808549384183,2.433239827484654,5.0,1.6454808549384183,2.433239827484654,857.0,3.133431804562776,770.048081471786,842.0,2.592886203453461,770.048081471786,835.0,2.3406315896024474,770.048081471786,816.0,1.6559404948639818,770.048081471786,806.0,1.295576760791105,770.048081471786,857.0,3.1317259364248726,770.0928904255619,843.0,2.627231386731046,770.0928904255619,835.0,2.338948786906002,770.0928904255619,816.0,1.6542776123215226,770.0928904255619,806.0,1.2939243625402177,770.0928904255619,857.0,3.129292256430065,770.1568218379502,843.0,2.6248186464445915,770.1568218379502,835.0,2.3365480121671776,770.1568218379502,816.0,1.6519052557583203,770.1568218379502,806.0,1.2915669629115532,770.1568218379502,857.0,3.124998472841016,770.2696304196586,843.0,2.6205618051378177,770.2696304196586,836.0,2.368343471286219,770.2696304196586,816.0,1.6477196602816504,770.2696304196586,806.0,1.287407754779366,770.2696304196586,857.0,3.1249986631497966,770.2696254193885,843.0,2.6205619938093023,770.2696254193885,836.0,2.3683436591390548,770.2696254193885,816.0,1.6477198457954914,770.2696254193885,806.0,1.2874079391237097,770.2696254193885,6.0,4.131413138147334,1.2962546964474044,5.0,3.25308897909327,1.2962546964474044,5.0,3.25308897909327,1.2962546964474044,3.0,1.4964406609851433,1.2962546964474044,3.0,1.4964406609851433,1.2962546964474044,6.0,3.63989513455736,1.5169461573801197,5.0,2.827971998601844,1.5169461573801197,5.0,2.827971998601844,1.5169461573801197,4.0,2.0160488626463278,1.5169461573801197,3.0,1.2041257266908116,1.5169461573801197,7.0,3.7927454468343944,1.8463708538751002,6.0,3.056808626528606,1.8463708538751002,6.0,3.056808626528606,1.8463708538751002,4.0,1.5849349859170292,1.8463708538751002,4.0,1.5849349859170292,1.8463708538751002,8.0,3.592344088318292,2.416113426911333,7.0,2.9490029241851485,2.416113426911333,7.0,2.9490029241851485,2.416113426911333,5.0,1.6623205959188616,2.416113426911333,4.0,1.0189794317857181,2.416113426911333,8.0,3.5724117189988975,2.4305411799918115,7.0,2.9309828415350645,2.4305411799918115,7.0,2.9309828415350645,2.4305411799918115,5.0,1.648125086607398,2.4305411799918115,4.0,1.0066962091435647,2.4305411799918115,398,39,398
4,7.0,3.854792403390884,1.8116063870219279,6.0,3.111827877000936,1.8116063870219279,6.0,3.111827877000936,1.8116063870219279,4.0,1.6258988242210404,1.8116063870219279,4.0,1.6258988242210404,1.8116063870219279,8.0,3.9185318790287784,2.194778857561731,7.0,3.2435305685045517,2.194778857561731,6.0,2.568529257980326,2.194778857561731,5.0,1.8935279474560993,2.194778857561731,4.0,1.2185266369318728,2.194778857561731,10.0,3.933543048810771,3.087858629721852,8.0,2.7953883618349513,3.087858629721852,8.0,2.7953883618349513,3.087858629721852,6.0,1.6572336748591308,3.087858629721852,5.0,1.0881563313712206,3.087858629721852,11.0,3.641398738147418,3.852624676655916,10.0,3.1319251798953105,3.852624676655916,9.0,2.622451621643203,3.852624676655916,7.0,1.603504505138988,3.852624676655916,6.0,1.0940309468868805,3.852624676655916,11.0,3.6423946062270818,3.8516107821993266,10.0,3.1328539957134693,3.8516107821993266,9.0,2.6233133851998565,3.8516107821993266,7.0,1.604232164172631,3.8516107821993266,6.0,1.094691553659018,3.8516107821993266,1354.0,3.121019207845949,1243.923823915962,1336.0,2.610660402337139,1243.923823915962,1327.0,2.355480999582734,1243.923823915962,1302.0,1.6466493252649423,1243.923823915962,1289.0,1.2780568546196907,1243.923823915962,1354.0,3.118876151539789,1243.9962076105232,1336.0,2.6085321942246713,1243.9962076105232,1327.0,2.3533602155671125,1243.9962076105232,1302.0,1.6445491637405598,1243.9962076105232,1289.0,1.2759674167907527,1243.9962076105232,1355.0,3.1441700202934766,1244.099481430535,1336.0,2.6054959802063054,1244.099481430535,1327.0,2.350334592796593,1244.099481430535,1302.0,1.641552961102947,1244.099481430535,1289.0,1.2729865126222508,1244.099481430535,1355.0,3.138773723320954,1244.28171067791,1336.0,2.600139129991849,1244.28171067791,1327.0,2.3449964278885886,1244.28171067791,1303.0,1.664615888946561,1244.28171067791,1290.0,1.2960764303529628,1244.28171067791,1355.0,3.138773962495349,1244.2817026005507,1336.0,2.600139367417948,1244.2817026005507,1327.0,2.344996664486547,1244.2817026005507,1303.0,1.664616123336146,1244.2817026005507,1290.0,1.2960766635463454,1244.2817026005507,8.0,4.1524770315410535,2.051860449150414,7.0,3.4543634455966976,2.051860449150414,6.0,2.7562498596523417,2.051860449150414,5.0,2.0581362737079862,2.051860449150414,4.0,1.3600226877636306,2.051860449150414,8.0,3.613112036903318,2.4011961787675262,7.0,2.967775612861949,2.4011961787675262,7.0,2.967775612861949,2.4011961787675262,5.0,1.6771027647792103,2.4011961787675262,4.0,1.031766340737841,2.4011961787675262,9.0,3.554890538153132,2.9226473315108374,8.0,2.9699499016511397,2.9226473315108374,8.0,2.9699499016511397,2.9226473315108374,6.0,1.8000686286471552,2.9226473315108374,5.0,1.215127992145163,2.9226473315108374,11.0,3.6691435300539603,3.824501153151105,10.0,3.157800192347864,3.824501153151105,9.0,2.6464568546417673,3.824501153151105,7.0,1.6237701792295745,3.824501153151105,6.0,1.112426841523478,3.824501153151105,11.0,3.6465939609641373,3.8473390537558827,10.0,3.136770555609103,3.8473390537558827,9.0,2.6269471502540687,3.8473390537558827,7.0,1.6073003395440006,3.8473390537558827,6.0,1.0974769341889663,3.8473390537558827,630,63,630
5,9.0,3.6116389968372578,2.8755656936856,8.0,3.021929185906052,2.8755656936856,7.0,2.4322193749748457,2.8755656936856,6.0,1.842509564043639,2.8755656936856,5.0,1.252799753112433,2.8755656936856,10.0,3.4911692059505444,3.4837759643836996,9.0,2.9554035252636077,3.4837759643836996,8.0,2.419637844576671,3.4837759643836996,7.0,1.8838721638897344,3.4837759643836996,6.0,1.3481064832027978,3.4837759643836996,13.0,3.6580826083377507,4.9013629043204,11.0,2.7547003317595755,4.9013629043204,11.0,2.7547003317595755,4.9013629043204,9.0,1.8513180551813997,4.9013629043204,8.0,1.399626916892312,4.9013629043204,15.0,3.5928228413238954,6.1152772645332,13.0,2.7840586405049423,6.1152772645332,13.0,2.7840586405049423,6.1152772645332,10.0,1.5709123392765123,6.1152772645332,9.0,1.1665302388670358,6.1152772645332,15.0,3.5939465764114185,6.1136679082529,13.0,2.7850759334271924,6.1136679082529,13.0,2.7850759334271924,6.1136679082529,10.0,1.571769968950854,6.1136679082529,9.0,1.167334647458741,6.1136679082529,2113.0,3.1173012845801686,1974.4822601840667,2090.0,2.5996930010446566,1974.4822601840667,2079.0,2.352141213266803,1974.4822601840667,2048.0,1.654495265892852,1974.4822601840667,2032.0,1.294419938215974,1974.4822601840667,2113.0,3.11462499330484,1974.5971549373382,2090.0,2.5970317688767004,1974.5971549373382,2079.0,2.3494871832806337,1974.5971549373382,2048.0,1.6518615329644455,1974.5971549373382,2032.0,1.2917966811883483,1974.5971549373382,2113.0,3.1108068546761563,1974.7610816357699,2090.0,2.593235113634054,1974.7610816357699,2079.0,2.345700802700875,1974.7610816357699,2048.0,1.6481041082528245,1974.7610816357699,2032.0,1.2880542014409275,1974.7610816357699,2114.0,3.1265719105712027,1975.050334409381,2090.0,2.586536599692592,1975.050334409381,2079.0,2.3390204155398955,1975.050334409381,2048.0,1.6414748056550235,1975.050334409381,2032.0,1.281451265069283,1975.050334409381,2114.0,3.126572209215393,1975.0503215881756,2090.0,2.58653689658394,1975.0503215881756,2079.0,2.3390207116278576,1975.0503215881756,2048.0,1.6414750994788974,1975.0503215881756,2032.0,1.2814515577245953,1975.0503215881756,10.0,3.7364105525628872,3.2569213478578,9.0,3.1823000719776027,3.2569213478578,8.0,2.628189591392318,3.2569213478578,6.0,1.5199686302217488,3.2569213478578,6.0,1.5199686302217488,3.2569213478578,11.0,3.6821324954171692,3.8114225059802003,10.0,3.1699125884216133,3.8114225059802003,9.0,2.6576926814260573,3.8114225059802003,7.0,1.6332528674349451,3.8114225059802003,6.0,1.121032960439389,3.8114225059802003,13.0,3.881806791768797,4.639122748429901,11.0,2.953242318216736,4.639122748429901,10.0,2.4889600814407054,4.639122748429901,8.0,1.560395607888644,4.639122748429901,7.0,1.0961133711126134,4.639122748429901,15.0,3.6241266574320714,6.0706367510335,13.0,2.8123942737480427,6.0706367510335,12.0,2.406528081906028,6.0706367510335,10.0,1.594795698221999,6.0706367510335,9.0,1.1889295063799845,6.0706367510335,15.0,3.598685019662079,6.106887386914099,13.0,2.7893654537843817,6.106887386914099,13.0,2.7893654537843817,6.106887386914099,10.0,1.5753861049678353,6.106887386914099,9.0,1.1707263220289863,6.106887386914099,1000,100,1000
6,12.0,3.48844218625523,4.55489605879799,11.0,3.019886983560233,4.55489605879799,10.0,2.551331780865236,4.55489605879799,8.0,1.6142213754752412,4.55489605879799,7.0,1.1456661727802442,4.55489605879799,14.0,3.6106064335825145,5.51830112758378,12.0,2.7592188783546914,5.51830112758378,12.0,2.7592188783546914,5.51830112758378,10.0,1.9078313231268682,5.51830112758378,9.0,1.4821375455129568,5.51830112758378,18.0,3.6737067874891856,7.763758840443514,16.0,2.955922450401848,7.763758840443514,15.0,2.5970302818581796,7.763758840443514,13.0,1.879245944770842,7.763758840443514,11.0,1.1614616076835045,7.763758840443514,21.0,3.6350258927137125,9.686599187020589,19.0,2.992420551878728,9.686599187020589,18.0,2.6711178814612357,9.686599187020589,15.0,1.707209870208759,9.686599187020589,14.0,1.3859071997912669,9.686599187020589,21.0,3.6363234807611833,9.684049966672593,19.0,2.993633566074111,9.684049966672593,18.0,2.672288608730575,9.684049966672593,15.0,1.708253736699966,9.684049966672593,14.0,1.3869087793564296,9.684049966672593,3294.0,3.120952399925784,3119.6819710908253,3264.0,2.583838869078341,3119.6819710908253,3250.0,2.3331858880162004,3119.6819710908253,3212.0,1.6528420822761056,3119.6819710908253,3191.0,1.2768626106828953,3119.6819710908253,3294.0,3.1176115542275666,3119.8635048009946,3265.0,2.5984169134414588,3119.8635048009946,3251.0,2.3477712247860962,3119.8635048009946,3212.0,1.6495439492461574,3119.8635048009946,3192.0,1.2914786797384967,3119.8635048009946,3294.0,3.1128453259954316,3120.1225089845166,3265.0,2.5936722350642487,3120.1225089845166,3251.0,2.343036949787126,3120.1225089845166,3212.0,1.6448386550865697,3120.1225089845166,3192.0,1.286788247547823,3120.1225089845166,3295.0,3.1223373840381785,3120.579528366822,3265.0,2.5853011024361994,3120.579528366822,3251.0,2.334684171021942,3120.579528366822,3213.0,1.6544382143261016,3120.579528366822,3192.0,1.278512817204716,3120.579528366822,3295.0,3.122337756806472,3120.5795081093174,3265.0,2.585301473461384,3120.5795081093174,3251.0,2.3346845412336767,3120.5795081093174,3213.0,1.6544385823298993,3120.5795081093174,3192.0,1.278513183988338,3120.5795081093174,13.0,3.4521706521146536,5.158963415006755,12.0,3.01190097415885,5.158963415006755,11.0,2.5716312962030456,5.158963415006755,9.0,1.6910919402914375,5.158963415006755,8.0,1.2508222623356333,5.158963415006755,15.0,3.6476910816440604,6.037293249472637,13.0,2.8337202169988607,6.037293249472637,12.0,2.4267347846762615,6.037293249472637,10.0,1.6127639200310622,6.037293249472637,9.0,1.2057784877084627,6.037293249472637,17.0,3.5604519128854117,7.3483704335129625,15.0,2.822659006856729,7.3483704335129625,14.0,2.453762553842388,7.3483704335129625,12.0,1.7159696478137056,7.3483704335129625,11.0,1.3470731947993646,7.3483704335129625,20.0,3.348687538407289,9.615888613637065,18.0,2.7037238214723964,9.615888613637065,17.0,2.38124196300495,9.615888613637065,15.0,1.7362782460700577,9.615888613637065,14.0,1.4137963876026114,9.615888613637065,21.0,3.6417949103485583,9.673309620871935,19.0,2.998748303007835,9.673309620871935,18.0,2.6772249993374726,9.673309620871935,15.0,1.7126550883263874,9.673309620871935,14.0,1.3911317846560256,9.673309620871935,1584,158,1584
7,17.0,3.639398645654346,7.220545456844541,15.0,2.8951038325655065,7.220545456844541,14.0,2.522956426021087,7.220545456844541,12.0,1.7786616129322477,7.220545456844541,11.0,1.406514206387828,7.220545456844541,19.0,3.466332645981424,8.74776144656747,17.0,2.7901227376934687,8.74776144656747,16.0,2.452017783549491,8.74776144656747,14.0,1.7758078752615363,8.74776144656747,13.0,1.4377029211175587,8.74776144656747,24.0,3.3329760618674977,12.307322252748525,22.0,2.7628797787212425,12.307322252748525,21.0,2.477831637148115,12.307322252748525,18.0,1.6226872124287317,12.307322252748525,17.0,1.337639070855604,12.307322252748525,29.0,3.481989263255472,15.355461211242865,26.0,2.7164105983046483,15.355461211242865,25.0,2.4612177099877073,15.355461211242865,22.0,1.6956390450368835,15.355461211242865,20.0,1.185253268403001,15.355461211242865,29.0,3.483478924991652,15.35142011762303,26.0,2.7177995015617795,15.35142011762303,25.0,2.4625730270851554,15.35142011762303,22.0,1.6968936036552826,15.35142011762303,20.0,1.1864406547020343,15.35142011762303,5175.0,3.1115647352377023,4955.950473062007,5138.0,2.58598544359018,4955.950473062007,5120.0,2.3302982206265206,4955.950473062007,5072.0,1.648465626056762,4955.950473062007,5046.0,1.279139637331476,4955.950473062007,5175.0,3.1073778514518606,4956.238858892719,5139.0,2.596018283266907,4956.238858892719,5121.0,2.3403384991744303,4956.238858892719,5072.0,1.6443213091449105,4956.238858892719,5047.0,1.2892104979053596,4956.238858892719,5176.0,3.1156084619722426,4956.650314905783,5139.0,2.590066275561272,4956.650314905783,5121.0,2.3343971037937723,4956.650314905783,5073.0,1.6526126457471073,4956.650314905783,5047.0,1.2833127309718306,4956.650314905783,5176.0,3.1050687257289282,4957.376339367546,5140.0,2.5937678271762863,4957.376339367546,5122.0,2.3381173778999655,4957.376339367546,5073.0,1.6421800437588696,4957.376339367546,5048.0,1.287109975319535,4957.376339367546,5176.0,3.105069192870926,4957.376307186321,5140.0,2.5937682926587082,4957.376307186321,5122.0,2.338117842552599,4957.376307186321,5073.0,1.6421805061526353,4957.376307186321,5048.0,1.2871104365608173,4957.376307186321,18.0,3.434529189767988,8.178129504470936,16.0,2.7351656232596753,8.178129504470936,15.0,2.3854838400055187,8.178129504470936,13.0,1.6861202734972058,8.178129504470936,12.0,1.3364384902430495,8.178129504470936,20.0,3.3712995160115677,9.570481912516282,18.0,2.7248076095336637,9.570481912516282,17.0,2.4015616562947115,9.570481912516282,15.0,1.755069749816807,9.570481912516282,14.0,1.4318237965778549,9.570481912516282,24.0,3.6188164610288145,11.64883722130748,21.0,2.73983449167,11.64883722130748,20.0,2.4468405018837283,11.64883722130748,18.0,1.860852522311185,11.64883722130748,16.0,1.2748645427386416,11.64883722130748,29.0,3.5234783893146555,15.243368881845118,26.0,2.755090033389783,15.243368881845118,25.0,2.498960581414826,15.243368881845118,22.0,1.7305722254899536,15.243368881845118,20.0,1.2183133215400388,15.243368881845118,29.0,3.4897601238178715,15.334394228541305,26.0,2.7236557486046458,15.334394228541305,25.0,2.4682876235335707,15.334394228541305,22.0,1.702183248320345,15.334394228541305,20.0,1.1914469981781945,15.334394228541305,2511,251,2511
8,23.0,3.4143926761851766,11.447627026562373,21.0,2.8232772951226206,11.447627026562373,20.0,2.527719604591343,11.447627026562373,17.0,1.6410465329975092,11.447627026562373,16.0,1.3454888424662315,11.447627026562373,27.0,3.525977283739618,13.86891211421151,24.0,2.720413270824349,13.86891211421151,23.0,2.4518919331859257,13.86891211421151,20.0,1.6463279202706567,13.86891211421151,19.0,1.3778065826322337,13.86891211421151,34.0,3.2797757823831715,19.51232572209951,32.0,2.827008040719329,19.51232572209951,30.0,2.3742402990554865,19.51232572209951,27.0,1.695088686559723,19.51232572209951,25.0,1.2423209448958805,19.51232572209951,41.0,3.375534798961555,24.344918790106668,38.0,2.7675158845374495,24.344918790106668,37.0,2.5648429130627477,24.344918790106668,33.0,1.7541510271639398,24.344918790106668,31.0,1.348805084214536,24.344918790106668,41.0,3.3772777217413994,24.338511942754792,38.0,2.769178785415097,24.338511942754792,37.0,2.5664791399729965,24.338511942754792,33.0,1.7556805582045936,24.338511942754792,31.0,1.350281267320392,24.338511942754792,8134.0,3.108486421574044,7858.439395532586,8088.0,2.5895792444441033,7858.439395532586,8065.0,2.330125655879133,7858.439395532586,8005.0,1.6532902074487752,7858.439395532586,7972.0,1.2810307108120786,7858.439395532586,8134.0,3.103237733299712,7858.896676650606,8088.0,2.584345653066682,7858.896676650606,8066.0,2.3361798755639285,7858.896676650606,8005.0,1.6480838561244755,7858.896676650606,7973.0,1.2871154524841066,7858.896676650606,8135.0,3.107029467118319,7859.549104910365,8089.0,2.5881589241820415,7859.549104910365,8067.0,2.340003447125561,7859.549104910365,8006.0,1.65193598801441,7859.549104910365,7973.0,1.279702772429689,7859.549104910365,8136.0,3.105096267607695,7860.700330949337,8090.0,2.586263721231956,7860.700330949337,8068.0,2.338126416443559,7860.700330949337,8007.0,1.6501093440757308,7860.700330949337,7974.0,1.2779033868931353,7860.700330949337,8136.0,3.1050968532338725,7860.7002799209395,8090.0,2.5862643051741108,7860.7002799209395,8068.0,2.3381269995803113,7860.7002799209395,8007.0,1.6501099249793232,7860.7002799209395,7974.0,1.2779039665886245,7860.7002799209395,25.0,3.342083993801706,12.965803885821902,23.0,2.786652793895594,12.965803885821902,22.0,2.508937193942538,12.965803885821902,19.0,1.6757903940833698,12.965803885821902,18.0,1.3980747941303138,12.965803885821902,29.0,3.5496027513125377,15.173272996307176,26.0,2.7794415807698964,15.173272996307176,25.0,2.522721190589016,15.173272996307176,22.0,1.7525600200463747,15.173272996307176,20.0,1.2391192396846138,15.173272996307176,33.0,3.3814344922234705,18.468347661499433,30.0,2.68335121577501,18.468347661499433,29.0,2.4506567902921894,18.468347661499433,26.0,1.7525735138437288,18.468347661499433,24.0,1.2871846628780885,18.468347661499433,41.0,3.424073074969622,24.167204905864363,38.0,2.8138227174109063,24.167204905864363,36.0,2.406989145705096,24.167204905864363,33.0,1.7967387881463803,24.167204905864363,31.0,1.38990521644057,24.167204905864363,41.0,3.3846266695708036,24.311518687305032,38.0,2.7761902385704387,24.311518687305032,36.0,2.370565951236862,24.311518687305032,33.0,1.7621295202364973,24.311518687305032,31.0,1.3565052329029206,24.311518687305032,3981,398,3981
9,33.0,3.4883502289347246,18.14194396146245,30.0,2.784015108669945,18.14194396146245,29.0,2.5492367352483525,18.14194396146245,25.0,1.6101232415619802,18.14194396146245,24.0,1.3753448681403873,18.14194396146245,38.0,3.417278569048985,21.97914255929676,35.0,2.777373011865714,21.97914255929676,34.0,2.5640711594712906,21.97914255929676,30.0,1.7108637498935961,21.97914255929676,28.0,1.284260045104749,21.97914255929676,49.0,3.2508348465512085,30.922698563357404,46.0,2.7113458872154226,30.922698563357404,45.0,2.531516234103494,30.922698563357404,40.0,1.6323679685438501,30.922698563357404,38.0,1.2727086623199928,30.922698563357404,59.0,3.287305626701408,38.581284261939956,55.0,2.6433267067982444,38.581284261939956,54.0,2.482331976822454,38.581284261939956,49.0,1.6773583269434995,38.581284261939956,47.0,1.3553688669919177,38.581284261939956,59.0,3.2893731355370077,38.571130833167544,55.0,2.6453094610038113,38.571130833167544,54.0,2.484293542370512,38.571130833167544,49.0,1.6792139492040166,38.571130833167544,47.0,1.3571821119374183,38.571130833167544,12785.0,3.100131161012652,12439.23823915962,12727.0,2.5800979251171947,12439.23823915962,12699.0,2.329047397443526,12439.23823915962,12623.0,1.6476245366149962,12439.23823915962,12582.0,1.2800148353785523,12439.23823915962,12786.0,3.1025169977599885,12439.962076105232,12728.0,2.582498891522587,12439.962076105232,12700.0,2.3314556678217726,12439.962076105232,12624.0,1.650052632062419,12439.962076105232,12583.0,1.2824536259290833,12439.962076105232,12787.0,3.1020947107858663,12440.994814305352,12729.0,2.582098188582404,12440.994814305352,12701.0,2.331065384760043,12440.994814305352,12625.0,1.6496906315279205,12440.994814305352,12584.0,1.282106883073749,12440.994814305352,12789.0,3.1034606589227147,12442.8171067791,12731.0,2.583502215734538,12442.8171067791,12703.0,2.3324877948850737,12442.8171067791,12627.0,1.65116293829367,12442.8171067791,12586.0,1.283606107764097,12442.8171067791,12789.0,3.103461393115082,12442.817026005507,12731.0,2.5835029482392287,12442.817026005507,12703.0,2.3324885265750233,12442.817026005507,12627.0,1.6511636677721808,12442.817026005507,12586.0,1.283606836049595,12442.817026005507,36.0,3.4088127001525317,20.54791678363486,33.0,2.7469965581305367,20.54791678363486,32.0,2.5263911774565386,20.54791678363486,28.0,1.6439696547605454,20.54791678363486,26.0,1.2027588934125486,20.54791678363486,41.0,3.457336015182733,24.046264590229082,38.0,2.845552960011864,24.046264590229082,36.0,2.437697589897951,24.046264590229082,32.0,1.6219868496701255,24.046264590229082,30.0,1.2141314795562128,24.046264590229082,47.0,3.2775853212795707,29.268225419844242,44.0,2.7230578587636143,29.268225419844242,43.0,2.5382153712582953,29.268225419844242,38.0,1.6140029337317012,29.268225419844242,36.0,1.2443179587210635,29.268225419844242,59.0,3.3448785916654735,38.299647262270355,55.0,2.6985362545962297,38.299647262270355,53.0,2.375365086061608,38.299647262270355,49.0,1.7290227489923644,38.299647262270355,46.0,1.2442659961904317,38.299647262270355,59.0,3.2980905479254785,38.528352524041054,55.0,2.6536694183024485,38.528352524041054,54.0,2.492564135896691,38.528352524041054,49.0,1.6870377238679037,38.528352524041054,47.0,1.3648271590563887,38.528352524041054,6309,630,6309
10,47.0,3.4022528236049463,28.755656936856,43.0,2.6563223591689975,28.755656936856,42.0,2.4698397430600103,28.755656936856,38.0,1.7239092786240615,28.755656936856,36.0,1.3509440464060871,28.755656936856,54.0,3.246543109487643,34.837759643836996,51.0,2.7382711565512814,34.837759643836996,49.0,2.3994231879270407,34.837759643836996,45.0,1.7217272506785586,34.837759643836996,42.0,1.213455297742197,34.837759643836996,72.0,3.2833106951328155,49.013629043204,68.0,2.711961576769772,49.013629043204,66.0,2.4262870175882503,49.013629043204,61.0,1.7121006196344462,49.013629043204,58.0,1.2835887808621635,49.013629043204,87.0,3.305261969591054,61.152772645332,82.0,2.6658777284426267,61.152772645332,80.0,2.4101240319832558,61.152772645332,74.0,1.642862942605143,61.152772645332,71.0,1.2592323979160867,61.152772645332,87.0,3.30775524295805,61.136679082529,82.0,2.6682868518892877,61.136679082529,80.0,2.4124994954617827,61.136679082529,74.0,1.6451374261792677,61.136679082529,71.0,1.2614563915380101,61.136679082529,20180.0,3.096989359392806,19744.822601840668,20108.0,2.5845931852821256,19744.822601840668,20072.0,2.328395098226786,19744.822601840668,19976.0,1.6452001994125456,19744.822601840668,19925.0,1.2822529094174806,19744.822601840668,20182.0,3.1029556920033965,19745.971549373382,20109.0,2.5834580188797247,19745.971549373382,20074.0,2.334383792039608,19745.971549373382,19977.0,1.6440923633684272,19745.971549373382,19926.0,1.2811556328299716,19745.971549373382,20183.0,3.0982778048688706,19747.6108163577,20111.0,2.5859178052832346,19747.6108163577,20075.0,2.3297378054904168,19747.6108163577,19979.0,1.6465911393762356,19747.6108163577,19928.0,1.2836694730030769,19747.6108163577,20186.0,3.098815648517566,19750.50334409381,20113.0,2.5793775787324544,19750.50334409381,20078.0,2.3303319288354833,19750.50334409381,19982.0,1.647235289118077,19750.50334409381,19931.0,1.2843401992682049,19750.50334409381,20186.0,3.098816570880088,19750.503215881756,20113.0,2.5793784994089886,19750.503215881756,20078.0,2.330332848703667,19750.503215881756,19982.0,1.647236206769071,19750.503215881756,19931.0,1.2843411157413167,19750.503215881756,52.0,3.404761888290961,32.569213478578,48.0,2.7038614106829573,32.569213478578,47.0,2.5286362912809563,32.569213478578,42.0,1.6525106942709513,32.569213478578,40.0,1.3020604554669495,32.569213478578,59.0,3.383039330211345,38.114225059802,55.0,2.735126702617116,38.114225059802,53.0,2.411170388820002,38.114225059802,49.0,1.7632577612257732,38.114225059802,46.0,1.2773232905301017,38.114225059802,69.0,3.319395891944286,46.391227484299,65.0,2.732120153796347,46.391227484299,63.0,2.4384822847223773,46.391227484299,58.0,1.7043876120374533,46.391227484299,55.0,1.2639308084264989,46.391227484299,86.0,3.2463405809485972,60.706367510335,82.0,2.7329559443567506,60.706367510335,80.0,2.4762636260608275,60.706367510335,74.0,1.7061866711730576,60.706367510335,71.0,1.3211481937291727,60.706367510335,87.0,3.318267716856522,61.068873869141,82.0,2.678444421078469,61.068873869141,80.0,2.4225151027672474,61.068873869141,74.0,1.654727147833583,61.068873869141,71.0,1.2708331703667508,61.068873869141,10000,1000,10000
11,68.0,3.3223267643383148,45.57196511352939,64.0,2.7297957144882967,45.57196511352939,62.0,2.433530189563288,45.57196511352939,57.0,1.6928663772507655,45.57196511352939,54.0,1.248468089863252,45.57196511352939,80.0,3.336174383276786,55.210881483552875,75.0,2.6632633273505144,55.210881483552875,73.0,2.3940989049800057,55.210881483552875,68.0,1.7211878490537338,55.210881483552875,65.0,1.3174412154979707,55.210881483552875,106.0,3.2136358877087248,77.6767993076697,101.0,2.646320787516155,77.6767993076697,99.0,2.419394747439127,77.6767993076697,92.0,1.6251536071695296,77.6767993076697,89.0,1.284764547053988,77.6767993076697,129.0,3.2591766405145615,96.91491408832215,123.0,2.6497015748433173,96.91491408832215,121.0,2.446543219619569,96.91491408832215,113.0,1.633909798724577,96.91491408832215,110.0,1.3291722658889549,96.91491408832215,129.0,3.262196709465745,96.88940900999195,123.0,2.652641430246963,96.88940900999195,121.0,2.4494563371740354,96.88940900999195,113.0,1.6367159648823257,96.88940900999195,110.0,1.3319383252729347,96.88940900999195,31824.0,3.0998138593350526,31275.799001315616,31732.0,2.579597960890451,31275.799001315616,31688.0,2.330799052938685,31275.799001315616,31567.0,1.6466020560713281,31275.799001315616,31503.0,1.2847127354142138,31275.799001315616,31826.0,3.100741838032656,31277.61893420744,31734.0,2.5805410745604274,31277.61893420744,31690.0,2.3317494050737095,31277.61893420744,31569.0,1.6475723139852352,31277.61893420744,31504.0,1.2800391658798562,31277.61893420744,31828.0,3.097239895028062,31280.215533110597,31737.0,2.582714844604428,31280.215533110597,31692.0,2.3282793801092243,31280.215533110597,31571.0,1.6441306866887877,31280.215533110597,31507.0,1.2822669149622758,31280.215533110597,31833.0,3.099377670451545,31284.7972970446,31741.0,2.579236590985288,31284.7972970446,31697.0,2.330473466023165,31284.7972970446,31576.0,1.646374872377327,31284.7972970446,31512.0,1.2845375997051482,31284.7972970446,31833.0,3.0993788287110267,31284.797093956702,31741.0,2.5792377475565,31284.797093956702,31697.0,2.3304746217869434,31284.797093956702,31576.0,1.6463760259206635,31284.797093956702,31512.0,1.2845387520740361,31284.797093956702,75.0,3.254870408343505,51.61568952085042,71.0,2.6981090000914754,51.61568952085042,69.0,2.4197282959654602,51.61568952085042,64.0,1.723776535650423,51.61568952085042,61.0,1.3062054794614006,51.61568952085042,86.0,3.2934501806976204,60.40342387477421,81.0,2.6501121489653454,60.40342387477421,79.0,2.392776936272435,60.40342387477421,73.0,1.6207712981937052,60.40342387477421,70.0,1.2347684791543403,60.40342387477421,101.0,3.204783146861777,73.52081731711706,97.0,2.7382797309711626,73.52081731711706,94.0,2.388402169053202,73.52081731711706,88.0,1.68864704521728,73.52081731711706,85.0,1.3387694832993193,73.52081731711706,128.0,3.2413131527861365,96.20745123037891,122.0,2.629601299872351,96.20745123037891,120.0,2.425697348901089,96.20745123037891,113.0,1.7120335205016721,96.20745123037891,109.0,1.3042256185591483,96.20745123037891,129.0,3.274930187860924,96.78195130781465,123.0,2.665036605698338,96.78195130781465,120.0,2.360089814617045,96.78195130781465,113.0,1.6485473020940278,96.78195130781465,109.0,1.2419515806523038,96.78195130781465,15848,1584,15848
12,100.0,3.267727269587602,72.2284590939949,95.0,2.679404266437097,72.2284590939949,93.0,2.444075065176895,72.2284590939949,86.0,1.6204228607661886,72.2284590939949,83.0,1.2674290588758859,72.2284590939949,118.0,3.2598986482303647,87.50548467338977,113.0,2.725392916082246,87.50548467338977,110.0,2.404689476793375,87.50548467338977,103.0,1.6563814517860087,87.50548467338977,100.0,1.3356780124971377,87.50548467338977,159.0,3.234394972634064,123.1124334307198,153.0,2.69364028539884,123.1124334307198,150.0,2.4232629417812284,123.1124334307198,142.0,1.7022566921342632,123.1124334307198,137.0,1.25162778610491,123.1124334307198,193.0,3.1787520836664287,153.6035343305449,186.0,2.6139485103622153,153.6035343305449,183.0,2.371889836088981,153.6035343305449,174.0,1.6457138132692786,153.6035343305449,170.0,1.3229689142382994,153.6035343305449,193.0,3.182432515985771,153.56311051949635,186.0,2.61755460838828,153.56311051949635,183.0,2.375464076560784,153.56311051949635,174.0,1.6491924810782959,153.56311051949635,170.0,1.3264051053083012,153.56311051949635,50269.0,3.09771897502396,49579.24955322192,50154.0,2.5812456856019814,49579.24955322192,50098.0,2.3297456490138875,49579.24955322192,49946.0,1.6471026925604892,49579.24955322192,49865.0,1.283325853924139,49579.24955322192,50272.0,3.098145276796527,49582.13456047657,50157.0,2.5816870134608143,49582.13456047657,50101.0,2.330194293923424,49582.13456047657,49949.0,1.6475711980362209,49582.13456047657,49868.0,1.2838049429910667,49582.13456047657,50276.0,3.097494861183058,49586.25075987419,50161.0,2.581058034125333,49586.25075987419,50105.0,2.3295757531233106,49586.25075987419,49953.0,1.6469809904035353,49586.25075987419,49872.0,1.2832298339541814,49586.25075987419,50283.0,3.0960864356783295,49593.51389701956,50168.0,2.579687426961674,49593.51389701956,50112.0,2.3282235618474765,49593.51389701956,49960.0,1.6456787851089407,49593.51389701956,49879.0,1.2819542659259053,49593.51389701956,50283.0,3.096087891377487,49593.513575079094,50168.0,2.579688880984708,49593.513575079094,50112.0,2.3282250150543113,49593.513575079094,49960.0,1.6456802361003768,49593.513575079094,49879.0,1.2819557157367671,49593.513575079094,111.0,3.2275824905102817,81.80735041549222,106.0,2.6747750995321216,81.80735041549222,104.0,2.4536521431408578,81.80735041549222,97.0,1.6797217957714339,81.80735041549222,93.0,1.2374758829889059,81.80735041549222,127.0,3.1953471272969622,95.73531050521066,122.0,2.6843317967545772,95.73531050521066,119.0,2.377722598429146,95.73531050521066,112.0,1.6623011356698068,95.73531050521066,108.0,1.2534888712358985,95.73531050521066,151.0,3.193652821179989,116.52548519506223,145.0,2.637824348016521,116.52548519506223,142.0,2.359910111434787,116.52548519506223,135.0,1.7114435594107409,116.52548519506223,130.0,1.248253165107851,116.52548519506223,192.0,3.2002397481973124,152.48225391245944,185.0,2.633363333035463,152.48225391245944,182.0,2.390416297966099,152.48225391245944,173.0,1.6615751927580071,152.48225391245944,168.0,1.2566634676424004,152.48225391245944,193.0,3.197950125040842,153.39279738450836,186.0,2.632758710423488,153.39279738450836,183.0,2.390533818444622,153.39279738450836,174.0,1.6638591425080236,153.39279738450836,169.0,1.2601509892099134,153.39279738450836,25118,2511,25118
13,149.0,3.226710278272953,114.47627026562374,143.0,2.6659289890381412,114.47627026562374,140.0,2.3855383444207354,114.47627026562374,132.0,1.6378299587743201,114.47627026562374,128.0,1.2639757659511124,114.47627026562374,176.0,3.168212338081329,138.68912114211508,170.0,2.6587289217058196,138.68912114211508,167.0,2.403987213518065,138.68912114211508,158.0,1.6397620889548008,138.68912114211508,154.0,1.3001064780377944,138.68912114211508,240.0,3.2126751134492855,195.12325722099513,232.0,2.6399641875659032,195.12325722099513,228.0,2.3536087246242117,195.12325722099513,218.0,1.6377200672699834,195.12325722099513,213.0,1.2797757385928694,195.12325722099513,293.0,3.1757522287086877,243.4491879010667,285.0,2.663025660697173,243.4491879010667,280.0,2.3425715556899767,243.4491879010667,269.0,1.6375725246741444,243.4491879010667,264.0,1.3171184196669479,243.4491879010667,293.0,3.180276933731591,243.38511942754795,284.0,2.603383629276545,243.38511942754795,280.0,2.3469866050743025,243.38511942754795,269.0,1.6418947885181354,243.38511942754795,263.0,1.2572992522147715,243.38511942754795,79472.0,3.095476966086644,78604.1387779277,79327.0,2.578292710508544,78604.1387779277,79257.0,2.3286175526432538,78604.1387779277,79066.0,1.6473610504679628,78604.1387779277,78964.0,1.2835486775785405,78604.1387779277,79477.0,3.0969064570846436,78608.71273805544,79332.0,2.5797372482774,78608.71273805544,79262.0,2.330069354370455,78608.71273805544,79070.0,1.6452659882256915,78608.71273805544,78968.0,1.2814641999612857,78608.71273805544,79483.0,3.094902196571345,78615.23865992,79338.0,2.5777544535508143,78615.23865992,79268.0,2.328096922437455,78615.23865992,79077.0,1.6468885161138593,78615.23865992,78975.0,1.2831018279201067,78615.23865992,79495.0,3.096404656869105,78626.75381283746,79350.0,2.5792947842495684,78626.75381283746,79280.0,2.329655535398758,78626.75381283746,79088.0,1.64493073855082,78626.75381283746,78986.0,1.281170690225353,78626.75381283746,79495.0,3.096406487189589,78626.75330242528,79350.0,2.5792966128916217,78626.75330242528,79280.0,2.3296573632305337,78626.75330242528,79088.0,1.6449325641601216,78626.75330242528,78986.0,1.281172514653965,78626.75330242528,166.0,3.1916013160662673,129.65803885821902,160.0,2.6646730134991827,129.65803885821902,157.0,2.4012088622156402,129.65803885821902,149.0,1.6986377921261941,129.65803885821902,144.0,1.2595308733202903,129.65803885821902,191.0,3.187800050638644,151.73272996307176,184.0,2.6195252422935487,151.73272996307176,181.0,2.375978895859936,151.73272996307176,172.0,1.6453398565590989,151.73272996307176,168.0,1.3206113946476157,151.73272996307176,228.0,3.1874220439106997,184.68347661499433,221.0,2.672330975565673,184.68347661499433,217.0,2.377993222225658,184.68347661499433,207.0,1.6421488388756198,184.68347661499433,202.0,1.2742266472006007,184.68347661499433,291.0,3.1730715362503052,241.67204905864364,283.0,2.658463250165587,241.67204905864364,279.0,2.4011591071232283,241.67204905864364,268.0,1.6935727137567413,241.67204905864364,262.0,1.307616499193203,241.67204905864364,293.0,3.199354064992226,243.1151868730503,284.0,2.6221405849767154,243.1151868730503,280.0,2.365601260525378,243.1151868730503,269.0,1.6601181182841989,243.1151868730503,263.0,1.275309131607192,243.1151868730503,39810,3981,39810
14,224.0,3.160134622719573,181.43381744309292,217.0,2.6404511315006145,181.43381744309292,213.0,2.343489136518352,181.43381744309292,204.0,1.6753246478082626,181.43381744309292,199.0,1.3041221540804349,181.43381744309292,267.0,3.1830101979990535,219.80884447278953,259.0,2.643415833345071,219.80884447278953,255.0,2.373618651018079,219.80884447278953,244.0,1.6316763996188526,219.80884447278953,239.0,1.2944299217101132,219.80884447278953,365.0,3.170131979612591,309.25149244809563,355.0,2.601483217731198,309.25149244809563,351.0,2.374023712978641,309.25149244809563,338.0,1.63478032253283,309.25149244809563,332.0,1.293591065403994,309.25149244809563,448.0,3.164328544258978,385.84341900572224,437.0,2.6043296924873016,385.84341900572224,432.0,2.349784759863812,385.84341900572224,418.0,1.637058948518042,385.84341900572224,411.0,1.280696042845157,385.84341900572224,448.0,3.1699151020024883,385.7418766712167,437.0,2.609842548291146,385.7418766712167,432.0,2.35526411478599,385.7418766712167,418.0,1.6424445009715545,385.7418766712167,411.0,1.2860346940643366,385.7418766712167,125662.0,3.093724481980711,124570.08579501277,125480.0,2.578063221097056,124570.08579501277,125392.0,2.3287325015489153,124570.08579501277,125151.0,1.645906326422757,124570.08579501277,125023.0,1.2832434616254613,124570.08579501277,125669.0,3.0929298238853895,124577.33450499667,125487.0,2.5772835654631376,124577.33450499667,125399.0,2.3279600998523784,124577.33450499667,125158.0,1.6451537906229126,124577.33450499667,125030.0,1.2825014770072627,124577.33450499667,125680.0,3.0946652463315236,124587.67664040072,125498.0,2.57904039048393,124587.67664040072,125410.0,2.329727273370808,124587.67664040072,125169.0,1.64694930491328,124587.67664040072,125040.0,1.2814789400542712,124587.67664040072,125698.0,3.093733355256071,124605.92559788785,125516.0,2.5781462582894106,124605.92559788785,125428.0,2.3288513982176187,124605.92559788785,125187.0,1.6461234291573703,124605.92559788785,125058.0,1.2806798274612208,124605.92559788785,125698.0,3.0937356567986156,124605.924788998,125516.0,2.5781485581584667,124605.924788998,125428.0,2.3288536972775153,124605.924788998,125187.0,1.646125726001274,124605.924788998,125058.0,1.2806821231189707,124605.924788998,251.0,3.174341835778165,205.4954524430879,243.0,2.6162715757791095,205.4954524430879,240.0,2.4069952282794636,205.4954524430879,229.0,1.6396486207807621,205.4954524430879,224.0,1.2908547082813522,205.4954524430879,290.0,3.193189413586195,240.48170301482074,281.0,2.6128240441778487,240.48170301482074,277.0,2.3548838799963616,240.48170301482074,266.0,1.645548428497272,240.48170301482074,260.0,1.2586381822250412,240.48170301482074,347.0,3.1735170447820127,292.70544981218455,338.0,2.6474669475947668,292.70544981218455,333.0,2.3552168936018525,292.70544981218455,321.0,1.653816764018858,292.70544981218455,315.0,1.3031166992273606,292.70544981218455,445.0,3.166570379865498,383.0268258064587,434.0,2.604516319672618,383.0268258064587,429.0,2.3490372014031276,383.0268258064587,415.0,1.6336956702485532,383.0268258064587,408.0,1.2760249046712662,383.0268258064587,447.0,3.1425251441262367,385.31405967734514,437.0,2.633085695252,385.31405967734514,432.0,2.378365970814881,385.31405967734514,418.0,1.6651507423909493,385.31405967734514,411.0,1.3085431281789834,385.31405967734514,63095,6309,63095
15,341.0,3.1516115373181504,287.55656936856,332.0,2.6208727074800646,287.55656936856,328.0,2.384988783107582,287.55656936856,316.0,1.6773370099901348,287.55656936856,309.0,1.2645401423382905,287.55656936856,407.0,3.140787194770099,348.37759643837,397.0,2.6050215140831625,348.37759643837,393.0,2.390715241808388,348.37759643837,379.0,1.6406432888466767,348.37759643837,372.0,1.2656073123658211,348.37759643837,560.0,3.1556818499850077,490.13629043204,548.0,2.613652484038102,490.13629043204,542.0,2.3426378010646496,490.13629043204,527.0,1.6651010936310178,490.13629043204,519.0,1.3037481829997475,490.13629043204,689.0,3.1328400700304027,611.5277264533199,676.0,2.6071433394980827,611.5277264533199,670.0,2.364514079252397,611.5277264533199,652.0,1.6366262985153388,611.5277264533199,643.0,1.2726824081468098,611.5277264533199,689.0,3.1397611911038297,611.36679082529,676.0,2.613995273164083,611.36679082529,670.0,2.371334080268815,611.36679082529,652.0,1.643350501583012,611.36679082529,643.0,1.2793587122401104,611.36679082529,198823.0,3.0938886993991224,197448.22601840668,198594.0,2.5785308866615906,197448.22601840668,198483.0,2.3287286280857566,197448.22601840668,198179.0,1.6445855054996885,197448.22601840668,198018.0,1.28225970702483,197448.22601840668,198834.0,3.0926971690432437,197459.71549373382,198605.0,2.5773543499387044,197459.71549373382,198494.0,2.327559359019037,197459.71549373382,198191.0,1.6456865459680532,197459.71549373382,198029.0,1.2811208835447547,197459.71549373382,198851.0,3.0939354848783474,197476.108163577,198622.0,2.5786140557538197,197476.108163577,198511.0,2.328829432903066,197476.108163577,198207.0,1.644734609960462,197476.108163577,198046.0,1.2824343912309906,197476.108163577,198880.0,3.0938770548778547,197505.0334409381,198651.0,2.5785933624145136,197505.0334409381,198540.0,2.328827031133156,197505.0334409381,198236.0,1.6447823040202494,197505.0334409381,198075.0,1.2825086163058481,197505.0334409381,198880.0,3.093879949879777,197505.03215881757,198651.0,2.5785962557439324,197505.03215881757,198540.0,2.328829923651885,197505.03215881757,198236.0,1.6447851943187115,197505.03215881757,198075.0,1.282511505428445,197505.03215881757,383.0,3.175488873516815,325.69213478578,373.0,2.6213783929315304,325.69213478578,368.0,2.344323152638888,325.69213478578,356.0,1.6793905759365466,325.69213478578,349.0,1.2915132395268474,325.69213478578,443.0,3.1684770645636617,381.14225059802,432.0,2.60503516686855,381.14225059802,427.0,2.348925213370772,381.14225059802,414.0,1.6830393342765493,381.14225059802,406.0,1.2732634086801045,381.14225059802,532.0,3.1611921332888206,463.91227484299003,520.0,2.6040534491575835,463.91227484299003,515.0,2.371912330769568,463.91227484299003,500.0,1.6754889756055222,463.91227484299003,492.0,1.3040631861846976,463.91227484299003,685.0,3.1631719391965336,607.06367510335,671.0,2.5949592706177134,607.06367510335,665.0,2.3514395555125045,607.06367510335,648.0,1.6614670293810798,607.06367510335,639.0,1.2961874567232667,607.06367510335,688.0,3.128475821986266,610.68873869141,675.0,2.6024181041657624,610.68873869141,669.0,2.3596222344024533,610.68873869141,652.0,1.6717006034064101,610.68873869141,642.0,1.2670408204675614,610.68873869141,100000,10000,100000
16,523.0,3.1503582053001287,455.745531226537,512.0,2.6350922179197473,455.745531226537,506.0,2.354038042984994,455.745531226537,491.0,1.6514026056481106,455.745531226537,483.0,1.276663705735106,455.745531226537,626.0,3.1432841224721395,552.1401688192082,614.0,2.6325950392905484,552.1401688192082,608.0,2.377250497699753,552.1401688192082,591.0,1.6537742965258324,552.1401688192082,582.0,1.2707574841396392,552.1401688192082,864.0,3.128226555564728,776.8121053428359,850.0,2.6259186153384455,776.8121053428359,842.0,2.3388855066377126,776.8121053428359,823.0,1.6571818734734718,776.8121053428359,813.0,1.2983904875975558,776.8121053428359,1067.0,3.141323482540959,969.2041783786023,1050.0,2.595262328620332,969.2041783786023,1042.0,2.338292373834154,969.2041783786023,1021.0,1.6637462425204377,969.2041783786023,1009.0,1.2782913103411713,969.2041783786023,1067.0,3.1499310069496804,968.9491131110938,1050.0,2.6037979854420166,968.9491131110938,1042.0,2.3467942106148802,968.9491131110938,1020.0,1.6400338298402564,968.9491131110938,1009.0,1.2866536394529442,968.9491131110938,314646.0,3.0927524415688348,312915.9485939709,314358.0,2.577904905785931,312915.9485939709,314218.0,2.3276317981136856,312915.9485939709,313836.0,1.644743747179417,312915.9485939709,313633.0,1.2818477410546618,312915.9485939709,314664.0,3.092289708189536,312934.1571144694,314376.0,2.577457151193812,312934.1571144694,314236.0,2.327191324876446,312934.1571144694,313855.0,1.6461107546841864,312934.1571144694,313651.0,1.281437693478882,312934.1571144694,314690.0,3.0921987125470913,312960.1362176368,314402.0,2.57738752435228,312960.1362176368,314262.0,2.3271320856464692,312960.1362176368,313881.0,1.646079784597084,312960.1362176368,313677.0,1.2814218596257596,312960.1362176368,314736.0,3.092256864674429,313005.9769971987,314448.0,2.577483375776185,313005.9769971987,314308.0,2.3272462631173165,313005.9769971987,313927.0,1.6462438350956814,313005.9769971987,313723.0,1.2816126137927586,313005.9769971987,314736.0,3.092260506553775,313005.97496529407,314448.0,2.5774870159846834,313005.97496529407,314308.0,2.3272499025135973,313005.97496529407,313927.0,1.6462474722815699,313005.97496529407,313723.0,1.28161624979513,313005.97496529407,588.0,3.16085566143693,516.1862075006349,576.0,2.632680409620526,516.1862075006349,570.0,2.368592783712324,516.1862075006349,554.0,1.6643591146237857,516.1862075006349,545.0,1.268227675761483,516.1862075006349,681.0,3.1301190531812497,604.0685415502959,668.0,2.6011865655960915,604.0685415502959,662.0,2.3570638790183263,604.0685415502959,645.0,1.6653829337146573,604.0685415502959,636.0,1.2991989038480092,604.0685415502959,820.0,3.125522252604809,735.2499252759064,806.0,2.60921224722817,735.2499252759064,799.0,2.3510572445398505,735.2499252759064,780.0,1.6503508086715541,735.2499252759064,770.0,1.2815579476882404,735.2499252759064,1059.0,3.123031993578372,962.1291480345484,1043.0,2.6072059129419087,962.1291480345484,1035.0,2.349292872623677,962.1291480345484,1013.0,1.6400320117485396,962.1291480345484,1002.0,1.2854015813109712,962.1291480345484,1065.0,3.1219350291895624,967.8744750646288,1049.0,2.6076422055443764,967.8744750646288,1041.0,2.3504957937217834,967.8744750646288,1019.0,1.6433431612096525,967.8744750646288,1008.0,1.289766844953587,967.8744750646288,158489,15848,158489
17,807.0,3.1512537275084473,722.3075954654985,792.0,2.5931304085115165,722.3075954654985,786.0,2.369881080912744,722.3075954654985,767.0,1.662924876849965,722.3075954654985,757.0,1.2908426641853443,722.3075954654985,968.0,3.141029021627747,875.0827169416128,952.0,2.6001558633535873,875.0827169416128,945.0,2.3635238566086425,875.0827169416128,924.0,1.6536278363738077,875.0827169416128,913.0,1.2817775400603226,875.0827169416128,1341.0,3.130319256835454,1231.1635452104326,1322.0,2.588822665436704,1231.1635452104326,1314.0,2.36082410063723,1231.1635452104326,1289.0,1.6483285856388752,1231.1635452104326,1276.0,1.2778309178397307,1231.1635452104326,1659.0,3.1361726298339043,1536.0842655235654,1638.0,2.600361445797587,1536.0842655235654,1628.0,2.3452132629231506,1536.0842655235654,1601.0,1.6563131691621718,1536.0842655235654,1586.0,1.2735908948505168,1536.0842655235654,1658.0,3.121382955866556,1535.6800145382294,1638.0,2.6110194295657614,1535.6800145382294,1628.0,2.355837666415364,1535.6800145382294,1600.0,1.6413287295942522,1535.6800145382294,1586.0,1.2840742611836962,1535.6800145382294,498128.0,3.092061828574119,495950.4541130339,497765.0,2.5766107189140475,495950.4541130339,497589.0,2.3266950293818915,495950.4541130339,497109.0,1.6451067852032848,495950.4541130339,496853.0,1.2815930549746946,495950.4541130339,498157.0,3.0921717049296156,495979.31337716064,497794.0,2.5767355916168837,495979.31337716064,497618.0,2.3268271730410137,495979.31337716064,497138.0,1.6452587587431862,495979.31337716064,496882.0,1.2817556044510117,495979.31337716064,498198.0,3.0917947286088676,496020.4884852727,497836.0,2.5777998844086674,496020.4884852727,497660.0,2.327901838609675,496020.4884852727,497179.0,1.6449418384431098,496020.4884852727,496923.0,1.2814537718263934,496020.4884852727,498271.0,3.0920588328449723,496093.1429969483,497908.0,2.576681856877329,496093.1429969483,497732.0,2.326802110953623,496093.1429969483,497252.0,1.6453118947980616,496093.1429969483,496996.0,1.2818504461817621,496093.1429969483,498271.0,3.0920634151556885,496093.139776518,497908.0,2.5766864375152387,496093.139776518,497732.0,2.326806690780475,496093.139776518,497252.0,1.6453164724129379,496093.139776518,496996.0,1.2818550226169183,496093.139776518,908.0,3.14310391935202,818.0995595257051,893.0,2.618673131899306,818.0995595257051,885.0,2.3389767119245253,818.0995595257051,865.0,1.6397356619875736,818.0995595257051,855.0,1.2901151370190977,818.0995595257051,1054.0,3.122539035542415,957.3835964321545,1038.0,2.605436113846561,957.3835964321545,1030.0,2.346884652998634,957.3835964321545,1009.0,1.6681870682728257,957.3835964321545,997.0,1.2803598770009352,957.3835964321545,1272.0,3.1259335874546625,1165.2919649326097,1254.0,2.598636795430995,1165.2919649326097,1245.0,2.334988399419161,1165.2919649326097,1222.0,1.6612202762778077,1165.2919649326097,1209.0,1.2803948153718254,1165.2919649326097,1647.0,3.127532728278164,1524.8711042186028,1626.0,2.5897551051069767,1524.8711042186028,1616.0,2.3336705226445065,1524.8711042186028,1589.0,1.6422421499958368,1524.8711042186028,1575.0,1.2837237345483785,1524.8711042186028,1656.0,3.115536956196705,1533.9768289441788,1636.0,2.604890178336546,1533.9768289441788,1626.0,2.3495667894064667,1533.9768289441788,1599.0,1.660193639295252,1533.9768289441788,1584.0,1.277208555900133,1533.9768289441788,251188,25118,251188
18,1251.0,3.139302498356419,1144.782831616093,1233.0,2.607303332589004,1144.782831616093,1224.0,2.3413037497052964,1144.782831616093,1201.0,1.6615270378913771,1144.782831616093,1188.0,1.2773054181704664,1144.782831616093,1503.0,3.117086489791006,1386.9155978529016,1484.0,2.6069004336920862,1386.9155978529016,1474.0,2.338381456797918,1386.9155978529016,1448.0,1.6402321168730807,1386.9155978529016,1435.0,1.291157446910662,1386.9155978529016,2089.0,3.1180282322741166,1951.2668817502815,2066.0,2.5973499070198978,1951.2668817502815,2055.0,2.3483298384200544,1951.2668817502815,2024.0,1.6465460087295856,1951.2668817502815,2008.0,1.2843349998570854,1951.2668817502815,2588.0,3.110299776758759,2434.5346859515184,2563.0,2.6036218026440063,2434.5346859515184,2550.0,2.3401492561043344,2434.5346859515184,2516.0,1.6510672113082705,2434.5346859515184,2498.0,1.2862590699456484,2434.5346859515184,2588.0,3.123695897079592,2433.8939899508373,2562.0,2.596681452294733,2433.8939899508373,2549.0,2.3331742299023035,2433.8939899508373,2515.0,1.6440014944144108,2433.8939899508373,2497.0,1.2791453403325854,2433.8939899508373,788783.0,3.092312104370962,786041.3877792769,788326.0,2.576853856477385,786041.3877792769,788105.0,2.3275841129664867,786041.3877792769,787500.0,1.6451940911380099,786041.3877792769,787178.0,1.2820046910904568,786041.3877792769,788828.0,3.0913879528925863,786087.1273805543,788372.0,2.5770725861302592,786087.1273805543,788150.0,2.326682210206495,786087.1273805543,787546.0,1.645439926161658,786087.1273805543,787223.0,1.2811332080383429,786087.1273805543,788894.0,3.092095121963424,786152.3865992,788437.0,2.5766732647734467,786152.3865992,788216.0,2.3274211193927354,786152.3865992,787611.0,1.645079273441015,786152.3865992,787289.0,1.2819155141080332,786152.3865992,789009.0,3.091697801989882,786267.5381283746,788553.0,2.577441443986435,786267.5381283746,788331.0,2.3270797960110725,786267.5381283746,787726.0,1.6447879175196574,786267.5381283746,787404.0,1.281650752438276,786267.5381283746,789009.0,3.09170356822474,786267.5330242527,788553.0,2.577447208552124,786267.5330242527,788331.0,2.3270855597641398,786267.5330242527,787726.0,1.6447936790581466,786267.5330242527,787404.0,1.2816565127980974,786267.5330242527,1409.0,3.1214073920856427,1296.6031870316253,1390.0,2.5937523911710305,1296.6031870316253,1381.0,2.34381054863253,1296.6031870316253,1356.0,1.649527652692251,1296.6031870316253,1343.0,1.288500546803306,1296.6031870316253,1639.0,3.1228739269652506,1517.3539795882596,1619.0,2.60943766059252,1517.3539795882596,1609.0,2.3527195274061543,1517.3539795882596,1582.0,1.6595805678029678,1517.3539795882596,1567.0,1.2745033680234197,1517.3539795882596,1981.0,3.1211671120145925,1846.8672400091823,1958.0,2.5859746386676643,1846.8672400091823,1948.0,2.3532822589516087,1846.8672400091823,1918.0,1.6552051198034412,1846.8672400091823,1902.0,1.282897312257752,1846.8672400091823,2570.0,3.1170707011908014,2416.762985043694,2544.0,2.5881917077304446,2416.762985043694,2532.0,2.3440937107487416,2416.762985043694,2498.0,1.652482719300583,2416.762985043694,2480.0,1.2863357238280286,2416.762985043694,2585.0,3.1193325202391358,2431.1946169422117,2559.0,2.5920255826416048,2431.1946169422117,2547.0,2.348653149904283,2431.1946169422117,2513.0,1.6590979238152035,2431.1946169422117,2494.0,1.273758238647777,2431.1946169422117,398107,39810,398107
19,1947.0,3.1139995105076963,1814.358303390785,1925.0,2.5975104201049586,1814.358303390785,1914.0,2.3392658749035897,1814.358303390785,1885.0,1.6584393466454355,1814.358303390785,1869.0,1.2828109172616262,1814.358303390785,2344.0,3.111659773842905,2198.1128311596462,2320.0,2.5997584519798913,2198.1128311596462,2308.0,2.3438077910483845,2198.1128311596462,2276.0,1.6612726952310333,2198.1128311596462,2258.0,1.2773467038337731,2198.1128311596462,3266.0,3.1190182138159543,3092.549234021287,3237.0,2.5975357764782987,3092.549234021287,3223.0,2.3457856343152925,3092.549234021287,3184.0,1.6444816668612041,3092.549234021287,3164.0,1.2848386066283382,3092.549234021287,4052.0,3.115477627198144,3858.476996998074,4019.0,2.5842190165795627,3858.476996998074,4004.0,2.342737829934753,3858.476996998074,3961.0,1.6504917615529657,3858.476996998074,3938.0,1.2802206086975911,3858.476996998074,4051.0,3.1161361685128486,3857.4615623875247,4018.0,2.5848076384829275,3857.4615623875247,4003.0,2.3432946702875093,3857.4615623875247,3960.0,1.6509574947939762,3857.4615623875247,3937.0,1.2806376102276678,3857.4615623875247,1249250.0,3.091345971794145,1245799.5820631369,1248676.0,2.5770799842300365,1245799.5820631369,1248397.0,2.327114460657935,1245799.5820631369,1247636.0,1.6453088569361813,1245799.5820631369,1247230.0,1.28155974378108,1245799.5820631369,1249323.0,3.0917103977514464,1245872.0749077136,1248748.0,2.576563464344893,1245872.0749077136,1248469.0,2.3266052131789308,1245872.0749077136,1247708.0,1.6448194456617358,1245872.0749077136,1247303.0,1.2819768230014676,1245872.0749077136,1249426.0,3.091197250733789,1245975.5044580891,1248852.0,2.576967569701201,1245975.5044580891,1248573.0,2.327019693380483,1245975.5044580891,1247812.0,1.6452622242763033,1245975.5044580891,1247406.0,1.2815387913508143,1245975.5044580891,1249609.0,3.091415169960032,1246158.008495599,1249034.0,2.576327340720194,1246158.008495599,1248756.0,2.3272935728442374,1246158.008495599,1247994.0,1.6446902234863996,1246158.008495599,1247589.0,1.28188923071747,1246158.008495599,1249609.0,3.0914224266435193,1246158.0004060594,1249034.0,2.576334595731813,1246158.0004060594,1248756.0,2.327300827047545,1246158.0004060594,1247994.0,1.6446974754741184,1246158.0004060594,1247589.0,1.2818964815276124,1246158.0004060594,2196.0,3.1108956099050467,2054.977322880314,2173.0,2.603526153522573,2054.977322880314,2161.0,2.3388116545404127,2054.977322880314,2130.0,1.654965865503166,2054.977322880314,2113.0,1.2799536586117726,2054.977322880314,2558.0,3.1231396848482684,2404.8437101057493,2532.0,2.592951653640918,2404.8437101057493,2520.0,2.3482494853913716,2404.8437101057493,2486.0,1.6549266753509904,2404.8437101057493,2468.0,1.2878734229766708,2404.8437101057493,3096.0,3.1220893943950805,2927.086971981085,3067.0,2.5860703939700898,2927.086971981085,3054.0,2.345786014469232,2927.086971981085,3016.0,1.6434162897744167,2927.086971981085,2997.0,1.292231427427009,2927.086971981085,4023.0,3.1134398215897012,3830.3107525218443,3991.0,2.5963893084199667,3830.3107525218443,3975.0,2.337864051835099,3830.3107525218443,3932.0,1.643077424763268,3830.3107525218443,3910.0,1.2876051969590754,3830.3107525218443,4046.0,3.106237849212407,3853.1833449851597,4014.0,2.590724232574121,3853.1833449851597,3998.0,2.3329674242549783,3853.1833449851597,3956.0,1.6563558024172278,3853.1833449851597,3933.0,1.2858303904584598,3853.1833449851597,630957,63095,630957
20,3043.0,3.1223587467902854,2875.5656936856,3015.0,2.600207421685121,2875.5656936856,3001.0,2.339131759132539,2875.5656936856,2964.0,1.6491460795292865,2875.5656936856,2944.0,1.276180847311312,2875.5656936856,3668.0,3.1211970120171566,3483.7759643837,3637.0,2.5959826606495833,3483.7759643837,3622.0,2.3418466841814025,3483.7759643837,3581.0,1.6472083485017084,3483.7759643837,3560.0,1.2914179814462554,3483.7759643837,5119.0,3.1086690684908187,4901.3629043204,5083.0,2.5944548619640795,4901.3629043204,5065.0,2.33734775870071,4901.3629043204,5017.0,1.651728816665058,4901.3629043204,4991.0,1.28035188972908,4901.3629043204,6358.0,3.1038618405182103,6115.2772645332,6318.0,2.592354447599469,6115.2772645332,6298.0,2.336600751140098,6115.2772645332,6244.0,1.6460657706997963,6115.2772645332,6216.0,1.2880105956566772,6115.2772645332,6357.0,3.112063624098292,6113.6679082529,6316.0,2.587699543421907,6113.6679082529,6296.0,2.3319121869944017,6113.6679082529,6243.0,1.6540756924615134,6113.6679082529,6214.0,1.2831840256416311,6113.6679082529,1978826.0,3.091271754189586,1974482.2601840666,1978103.0,2.576740596020112,1974482.2601840666,1977752.0,2.326947461141155,1974482.2601840666,1976794.0,1.6451758850327782,1974482.2601840666,1976283.0,1.2815169336847816,1974482.2601840666,1978941.0,3.091256715702049,1974597.1549373383,1978218.0,2.5767405271151795,1974597.1549373383,1977867.0,2.326954659626948,1974597.1549373383,1976909.0,1.645202918733143,1974597.1549373383,1976398.0,1.2815545475465724,1974597.1549373383,1979105.0,3.0911805712457765,1974761.08163577,1978382.0,2.5766857383285338,1974761.08163577,1978031.0,2.326910238530536,1974761.08163577,1977073.0,1.6451867946374261,1974761.08163577,1976562.0,1.2815535171537316,1974761.08163577,1979395.0,3.0914859017163123,1975050.334409381,1978671.0,2.576317185929435,1975050.334409381,1978320.0,2.326559977032758,1975050.334409381,1977362.0,1.6448864553147626,1975050.334409381,1976851.0,1.281279806465185,1975050.334409381,1979395.0,3.0914950347947703,1975050.3215881756,1978671.0,2.576326317335762,1975050.3215881756,1978320.0,2.3265691076284254,1975050.3215881756,1977362.0,1.6448955836978596,1975050.3215881756,1976851.0,1.2812889336680902,1975050.3215881756,3435.0,3.120385308456433,3256.9213478578004,3405.0,2.59470995025043,3256.9213478578004,3390.0,2.3318722711474287,3256.9213478578004,3351.0,1.6484943054796248,3256.9213478578004,3330.0,1.2805215547354227,3256.9213478578004,4004.0,3.1193347541470096,3811.4225059802,3971.0,2.584806836381771,3811.4225059802,3956.0,2.341839601033935,3811.4225059802,3913.0,1.645333526370139,3811.4225059802,3891.0,1.2889815811933132,3811.4225059802,4851.0,3.1107592328146674,4639.122748429901,4815.0,2.5822110684815223,4639.122748429901,4798.0,2.3326188797686482,4639.122748429901,4751.0,1.6425698874448196,4639.122748429901,4727.0,1.290204444556056,4639.122748429901,6313.0,3.110639212347141,6070.6367510335,6272.0,2.584419959840498,6070.6367510335,6253.0,2.3405622574593714,6070.6367510335,6199.0,1.6474929980603785,6070.6367510335,6171.0,1.288123752446086,6070.6367510335,6350.0,3.1109822669967087,6106.8873869141,6309.0,2.5863271644587047,6106.8873869141,6289.0,2.3303978461474832,6106.8873869141,6236.0,1.6521851526227465,6106.8873869141,6207.0,1.2810876410714753,6106.8873869141,1000000,100000,1000000
21,4768.0,3.1186373285971034,4557.463938962452,4732.0,2.5853750300805913,4557.463938962452,4715.0,2.3335567224477938,4557.463938962452,4669.0,1.6521660076766946,4557.463938962452,4644.0,1.2818449670402279,4557.463938962452,5752.0,3.1032113628486693,5521.412139519975,5714.0,2.591813965159276,5521.412139519975,5695.0,2.3361152663145797,5521.412139519975,5644.0,1.649766127310394,5521.412139519975,5617.0,1.2864048184258252,5521.412139519975,8042.0,3.107255233877646,7768.135757517071,7996.0,2.5853406550976814,7768.135757517071,7974.0,2.3357293348116115,7768.135757517071,7913.0,1.643625219472963,7768.135757517071,7881.0,1.2805542081477705,7768.135757517071,9998.0,3.1076208630930537,9692.060129617816,9947.0,2.5895822569455142,9692.060129617816,9922.0,2.3356417637359357,9692.060129617816,9854.0,1.644923622205883,9692.060129617816,9818.0,1.2792493119840904,9692.060129617816,9995.0,3.103465008882619,9689.509472114663,9944.0,2.585358223220114,9689.509472114663,9919.0,2.3313843086796706,9689.509472114663,9852.0,1.6507342177112818,9689.509472114663,9816.0,1.285011780773043,9689.509472114663,3134805.0,3.090916596218248,3129337.1893431256,3133895.0,2.5764997154833096,3129337.1893431256,3133453.0,2.326640087697768,3129337.1893431256,3132247.0,1.644896397405091,3129337.1893431256,3131604.0,1.2814128212374365,3129337.1893431256,3134987.0,3.090772660549208,3129519.284888638,3134077.0,2.576370746072128,3129519.284888638,3133635.0,2.326518387611832,3129519.284888638,3132429.0,1.6447945317224268,3129519.284888638,3131787.0,1.2818868074429925,3129519.284888638,3135247.0,3.0907541546127586,3129779.0906737153,3134337.0,2.5763735910622088,3129779.0906737153,3133895.0,2.326531603051942,3129779.0906737153,3132689.0,1.6448360430058282,3129779.0906737153,3132046.0,1.281378128321209,3129779.0906737153,3135706.0,3.09084782763264,3130237.524502084,3134796.0,2.5765049318442874,3130237.524502084,3134354.0,2.326681239604231,3130237.524502084,3133148.0,1.6450355996913157,3130237.524502084,3132505.0,1.2816043007991065,3130237.524502084,3135706.0,3.090859322885472,3130237.5041818838,3134796.0,2.5765164254276702,3130237.5041818838,3134354.0,2.3266927323767375,3130237.5041818838,3133148.0,1.6450470902513425,3130237.5041818838,3132505.0,1.2816157901795109,3130237.5041818838,5385.0,3.1056375123144204,5161.871845770393,5348.0,2.590648319882038,5161.871845770393,5330.0,2.3401130370770953,5161.871845770393,5280.0,1.6441816959522544,5161.871845770393,5254.0,1.2822973985673372,5161.871845770393,6282.0,3.1046987800079506,6040.6968497704775,6242.0,2.5900434550269336,6040.6968497704775,6222.0,2.3327157925364252,6040.6968497704775,6169.0,1.6507974869365782,6040.6968497704775,6140.0,1.2776723763253413,6040.6968497704775,7619.0,3.107834224259071,7352.51317012731,7574.0,2.58303327946765,7352.51317012731,7553.0,2.3381261718983204,7352.51317012731,7494.0,1.6500538220606795,7352.51317012731,7463.0,1.2885242823154783,7352.51317012731,9926.0,3.106286737612052,9621.309692255738,9875.0,2.586346918091495,9621.309692255738,9850.0,2.331474457542202,9621.309692255738,9783.0,1.6484162632700976,9621.309692255738,9747.0,1.2813999200791162,9621.309692255738,9984.0,3.1026096977140805,9678.763071308449,9933.0,2.5842153629862654,9678.763071308449,9908.0,2.33010049302165,9678.763071308449,9841.0,1.6490726415164811,9678.763071308449,9805.0,1.283147228767435,9678.763071308449,1584893,158489,1584893
22,7487.0,3.1051955698459484,7223.093208049147,7443.0,2.5874801898694235,7223.093208049147,7422.0,2.3403887585169914,7223.093208049147,7363.0,1.646179499003015,7223.093208049147,7332.0,1.2814254812922816,7223.093208049147,9041.0,3.101704275194559,8750.848072071914,8993.0,2.58858755640357,8750.848072071914,8969.0,2.332029197008075,8750.848072071914,8905.0,1.647873571953423,8750.848072071914,8871.0,1.2844158961431391,8750.848072071914,12656.0,3.103294220922367,12311.664860281753,12598.0,2.580573638408554,12311.664860281753,12571.0,2.3372381948245375,12311.664860281753,12494.0,1.643281559418268,12311.664860281753,12454.0,1.2827846059604657,12311.664860281753,15745.0,3.0992714784318953,15360.87934689924,15681.0,2.582888479969142,15360.87934689924,15650.0,2.3327654650887455,15360.87934689924,15565.0,1.6469442952554005,15360.87934689924,15520.0,1.2838624994612768,15360.87934689924,15741.0,3.1000224894158532,15356.836827389743,15677.0,2.5835715293341126,15356.836827389743,15646.0,2.3334155955445195,15356.836827389743,15561.0,1.6475041641859576,15356.836827389743,15516.0,1.2843745828784838,15356.836827389743,4966546.0,3.0908880315692717,4959662.499711153,4965400.0,2.5763013335898117,4959662.499711153,4964844.0,2.326641469648643,4959662.499711153,4963326.0,1.6450161576653795,4959662.499711153,4962517.0,1.281752075060333,4959662.499711153,4966835.0,3.090976889605927,4959951.101544001,4965689.0,2.576405162824927,4959951.101544001,4965133.0,2.3267525623971475,4959951.101544001,4963615.0,1.6451470813731002,4959951.101544001,4962805.0,1.2814445519729172,4959951.101544001,4967247.0,3.090954470136215,4960362.865739258,4966101.0,2.5764041013300276,4960362.865739258,4965545.0,2.326761863061057,4960362.865739258,4964027.0,1.6451846729669977,4960362.865739258,4963217.0,1.2814972395175983,4960362.865739258,4967974.0,3.0909219585554433,4961089.433996236,4966828.0,2.576409269946185,4961089.433996236,4966272.0,2.326785312819878,4961089.433996236,4964753.0,1.6448090702391944,4961089.433996236,4963944.0,1.2815972333413848,4961089.433996236,4967974.0,3.0909364276198774,4961089.401790907,4966828.0,2.5764237373406176,4961089.401790907,4966272.0,2.3267997794040833,4961089.401790907,4964753.0,1.6448235346098465,4961089.401790907,4963944.0,1.2816116965331266,4961089.401790907,8462.0,3.106557001455955,8181.015136785139,8415.0,2.586926949509771,8181.015136785139,8392.0,2.332639902812702,8181.015136785139,8330.0,1.6471704725858207,8181.015136785139,8297.0,1.2823238403682873,8181.015136785139,9878.0,3.108362768966505,9573.85883285658,9827.0,2.5871360547199016,9573.85883285658,9802.0,2.331632763422547,9573.85883285658,9735.0,1.6468839427456363,9573.85883285658,9699.0,1.2789592032774457,9573.85883285658,11988.0,3.1038090051202936,11652.947484062588,11932.0,2.5850446442545336,11652.947484062588,11905.0,2.334926113122828,11652.947484062588,11831.0,1.6494160648359302,11652.947484062588,11791.0,1.2788700927889587,11652.947484062588,15632.0,3.103615762928348,15248.747466006535,15568.0,2.5853376272101354,15248.747466006535,15537.0,2.334296655221626,15248.747466006535,15452.0,1.6459585062208744,15248.747466006535,15407.0,1.281544192044006,15248.747466006535,15724.0,3.1020005348281408,15339.804930766111,15660.0,2.5852629446636457,15339.804930766111,15629.0,2.334968174427718,15339.804930766111,15544.0,1.6486760624904981,15339.804930766111,15499.0,1.2853449444060876,15339.804930766111,2511886,251188,2511886
23,11780.0,3.1045398582840376,11447.831191726626,11724.0,2.5811486555771768,11447.831191726626,11697.0,2.3287993257006545,11447.831191726626,11624.0,1.646521507886354,11447.831191726626,11585.0,1.2820169202869331,11447.831191726626,14235.0,3.1064670818713402,13869.15946230498,14173.0,2.5800055795744474,13869.15946230498,14144.0,2.3337574575323523,13869.15946230498,14063.0,1.6459609787251208,13869.15946230498,14020.0,1.280834452938566,13869.15946230498,19946.0,3.1021060335101955,19512.67371886572,19873.0,2.579511973778862,19512.67371886572,19838.0,2.3289531780172634,19512.67371886572,19743.0,1.648865018092925,19512.67371886572,19692.0,1.2837650585545959,19512.67371886572,24829.0,3.0997058509837463,24345.35297479245,24748.0,2.580574830128323,24345.35297479245,24709.0,2.33062285712386,24345.35297479245,24602.0,1.6448571875987945,24345.35297479245,24545.0,1.2795427655153484,24345.35297479245,24822.0,3.096312507963488,24338.94601317628,24742.0,2.583523032265665,24338.94601317628,24703.0,2.333538162862976,24338.94601317628,24596.0,1.6476822391171377,24338.94601317628,24539.0,1.282319737682439,24338.94601317628,7869218.0,3.0909186255800196,7860552.091550983,7867775.0,2.5762356465303533,7860552.091550983,7867075.0,2.3265626837203977,7860552.091550983,7865164.0,1.6449554952492182,7860552.091550983,7864145.0,1.281502996530154,7860552.091550983,7869675.0,3.0906845869796955,7861009.49560639,7868232.0,2.576016581929656,7861009.49560639,7867533.0,2.326707548298348,7861009.49560639,7865622.0,1.6451201902591062,7861009.49560639,7864603.0,1.28167826569501,7861009.49560639,7870328.0,3.0906976584387498,7861662.099267715,7868885.0,2.576051015359679,7861662.099267715,7868186.0,2.3267523296269896,7861662.099267715,7866274.0,1.6448366112852126,7861662.099267715,7865256.0,1.281766422335459,7861662.099267715,7871480.0,3.0906369665622493,7862813.634807155,7870037.0,2.576028010730211,7862813.634807155,7869338.0,2.326747580982051,7862813.634807155,7867426.0,1.6448817988955247,7862813.634807155,7866407.0,1.2814815729822557,7862813.634807155,7871480.0,3.0906551794560673,7862813.583765038,7870037.0,2.5760462219537152,7862813.583765038,7869338.0,2.3267657913964426,7862813.583765038,7867426.0,1.644900007096722,7862813.583765038,7866407.0,1.2814997800039314,7862813.583765038,13319.0,3.0997587129750963,12966.035127237601,13260.0,2.5816171692168832,12966.035127237601,13232.0,2.3357194874333245,12966.035127237601,13154.0,1.6507188024648392,12966.035127237601,13112.0,1.281872279789501,12966.035127237601,15556.0,3.1048342169076406,15173.5436073051,15492.0,2.5852733109389243,15173.5436073051,15461.0,2.333610997110328,15173.5436073051,15376.0,1.6435691688706267,15173.5436073051,15332.0,1.2863710460171345,15173.5436073051,18890.0,3.1002536967565137,18468.677039214574,18820.0,2.5851672216012234,18468.677039214574,18786.0,2.334982362240082,18468.677039214574,18692.0,1.6432948098886921,18468.677039214574,18643.0,1.2827342772799888,18468.677039214574,24649.0,3.0963966839348056,24167.63592107369,24569.0,2.58179298673474,24167.63592107369,24530.0,2.3309236843497074,24167.63592107369,24424.0,1.6490737855596198,24167.63592107369,24367.0,1.2824186513045728,24167.63592107369,24795.0,3.097990792064838,24311.9522763095,24715.0,2.584916718406675,24311.9522763095,24675.0,2.3283796815775935,24311.9522763095,24569.0,1.6485565339805275,24311.9522763095,24512.0,1.2829912564990864,24311.9522763095,3981071,398107,3981071
24,18561.0,3.098842403198056,18143.591660604932,18491.0,2.5791619182843255,18143.591660604932,18458.0,2.334169689682138,18143.591660604932,18365.0,1.6437370454396099,18143.591660604932,18316.0,1.2799607059999984,18143.591660604932,22441.0,3.1017137074733503,21981.138762924355,22364.0,2.5823571359253097,21981.138762924355,22327.0,2.332796185960667,21981.138762924355,22225.0,1.6448173509230024,21981.138762924355,22171.0,1.2805932617854154,21981.138762924355,31470.0,3.096234539669975,30925.50704430158,31379.0,2.5787671598605195,30925.50704430158,31335.0,2.3285631520405627,30925.50704430158,31215.0,1.6461885852588634,30925.50704430158,31151.0,1.2822554829752901,30925.50704430158,39193.0,3.0963261314760064,38584.78831581253,39092.0,2.5821483420491838,38584.78831581253,39042.0,2.327604881936895,38584.78831581253,38908.0,1.6454284088359614,38584.78831581253,38837.0,1.2839766954765115,38584.78831581253,39183.0,3.0975195255030474,38574.63396487897,39081.0,2.5781825254707282,38574.63396487897,39032.0,2.328697103886575,38574.63396487897,38898.0,1.6464308489421557,38574.63396487897,38826.0,1.2798400253899305,38574.63396487897,12469043.0,3.0907015728505103,12458134.034389582,12467227.0,2.576196874904064,12458134.034389582,12466346.0,2.3265941001844497,12458134.034389582,12463940.0,1.6449320389183977,12458134.034389582,12462658.0,1.2817189206544415,12458134.034389582,12469768.0,3.0906296465302443,12458858.97087798,12467952.0,2.576139917396578,12458858.97087798,12467071.0,2.32654440452942,12458858.97087798,12464665.0,1.6449021752917548,12458858.97087798,12463383.0,1.281699624218319,12458858.97087798,12470803.0,3.0906976971577085,12459893.277856605,12468987.0,2.5762293225954354,12459893.277856605,12468106.0,2.3266441695175923,12459893.277856605,12465700.0,1.6450302327351976,12459893.277856605,12464417.0,1.281559459297204,12459893.277856605,12472629.0,3.090737471112055,12461718.3384794,12470812.0,2.5760234939249402,12461718.3384794,12469931.0,2.326456617809449,12461718.3384794,12467525.0,1.6448925951830324,12461718.3384794,12466242.0,1.2814484384790874,12461718.3384794,12472629.0,3.090760397188651,12461718.257583106,12470812.0,2.5760464183308818,12461718.257583106,12469931.0,2.3264795414053476,12461718.257583106,12467525.0,1.6449155165667164,12461718.257583106,12466242.0,1.281471358683107,12461718.257583106,20994.0,3.0987857853950422,20549.782999567185,20920.0,2.582573781136292,20549.782999567185,20884.0,2.331443616902306,20549.782999567185,20786.0,1.6478115031542317,20549.782999567185,20734.0,1.2850679325940293,20549.782999567185,24529.0,3.0988201659999164,24048.44853532501,24449.0,2.582942821941339,24048.44853532501,24410.0,2.3314526167127827,24048.44853532501,24304.0,1.6479151358351685,24048.44853532501,24247.0,1.2803525281934323,24048.44853532501,29801.0,3.098512788518785,29270.883637179093,29713.0,2.58415566900129,29270.883637179093,29670.0,2.3328220765097862,29270.883637179093,29553.0,1.6489609062422077,29270.883637179093,29490.0,1.280727968405819,29270.883637179093,38909.0,3.095746540593323,38303.12573712869,38808.0,2.5796817070779587,38303.12573712869,38759.0,2.3293136195309008,38303.12573712869,38625.0,1.6446335433818038,38303.12573712869,38554.0,1.2818552940789238,38303.12573712869,39140.0,3.0981290662329855,38531.85177051376,39038.0,2.5785038343668574,38531.85177051376,38989.0,2.328879948470384,38531.85177051376,38855.0,1.6462350360188043,38531.85177051376,38784.0,1.2845351197198327,38531.85177051376,6309573,630957,6309573
25,29281.0,3.0979995844067036,28755.656936855998,29193.0,2.579054950787242,28755.656936855998,29151.0,2.3313768301961355,28755.656936855998,29035.0,1.6473134495159363,28755.656936855998,28973.0,1.2816933667385886,28755.656936855998,35416.0,3.0980133802032923,34837.759643836995,35319.0,2.578320669936964,34837.759643836995,35273.0,2.331868456820973,34837.759643836995,35145.0,1.6460883855416941,34837.759643836995,35077.0,1.2817677226745772,34837.759643836995,49699.0,3.095759876254646,49013.629043204004,49585.0,2.5808319786050857,49013.629043204004,49529.0,2.3278849411631963,49013.629043204004,49378.0,1.645831322346674,49013.629043204004,49297.0,1.2799615003325129,49013.629043204004,61918.0,3.094442449714337,61152.772645332,61791.0,2.580877182194301,61152.772645332,61729.0,2.3301602799404257,61152.772645332,61560.0,1.6467545302484103,61152.772645332,61470.0,1.2828106398798813,61152.772645332,61902.0,3.0952281130202524,61136.67908252899,61775.0,2.581595254725269,61136.67908252899,61713.0,2.330845355400159,61136.67908252899,61544.0,1.6473496620784884,61136.67908252899,61454.0,1.2833578727355868,61136.67908252899,19758556.0,3.090661151461693,19744822.601840667,19756269.0,2.5759784799635557,19744822.601840667,19755160.0,2.3264012684675195,19744822.601840667,19752132.0,1.644958710839028,19744822.601840667,19750517.0,1.2815076769651794,19744822.601840667,19759705.0,3.0905830401541468,19745971.549373385,19757419.0,2.576140383179048,19745971.549373385,19756310.0,2.326570432791741,19745971.549373385,19753281.0,1.6449226602731168,19745971.549373385,19751666.0,1.2814822005116189,19745971.549373385,19761345.0,3.090619712842632,19747610.8163577,19759058.0,2.5759733772933764,19747610.8163577,19757949.0,2.3264137856343803,19747610.8163577,19754921.0,1.6450193369928652,19747610.8163577,19753306.0,1.2815939623046066,19747610.8163577,19764238.0,3.090499655045687,19750503.34409381,19761952.0,2.57611602143381,19750503.34409381,19760843.0,2.326574704865319,19750503.34409381,19757814.0,1.645005139593939,19750503.34409381,19756199.0,1.2816063783152072,19750503.34409381,19764238.0,3.090528514675265,19750503.215881757,19761952.0,2.5761448793938064,19750503.215881757,19760843.0,2.3266035620153556,19750503.215881757,19757813.0,1.6448089798181464,19750503.215881757,19756199.0,1.2816352320734943,19750503.215881757,33128.0,3.096294679297239,32569.213478578,33035.0,2.580971932352924,32569.213478578,32990.0,2.331622216089546,32569.213478578,32866.0,1.6445252201637932,32569.213478578,32801.0,1.2843534077833583,32569.213478578,38719.0,3.097777636214607,38114.225059802004,38618.0,2.5804355301490953,38114.225059802004,38569.0,2.3294477757212726,38114.225059802004,38436.0,1.6481952994171831,38114.225059802004,38365.0,1.2845191654503383,38114.225059802004,47058.0,3.095706350104409,46391.227484299,46947.0,2.580353067283015,46391.227484299,46893.0,2.3296406594239585,46391.227484299,46746.0,1.6471457713631932,46391.227484299,46667.0,1.280362804310129,46391.227484299,61469.0,3.0952674435532668,60706.367510335,61342.0,2.5798173799139086,60706.367510335,61280.0,2.3281803409718593,60706.367510335,61112.0,1.646325138677275,60706.367510335,61022.0,1.281045566019462,60706.367510335,61834.0,3.096157740342457,61068.873869140996,61706.0,2.5781932181807306,61068.873869140996,61644.0,2.327304152758644,61068.873869140996,61476.0,1.6474757174213783,61068.873869140996,61386.0,1.2832819127764143,61068.873869140996,10000000,1000000,10000000
